100,1.0,99999,1000000000,1.0,99999,100,0,0.0,1,1,9508990140
100,1.0,99999,1000000000,1.0,99999,100,0,0.0,1,2,9599776509
100,1.0,99999,1000000000,1.0,99999,100,0,0.0,1,3,9593009565
100,1.0,99999,1000000000,1.0,99999,100,0,0.0,1,4,9585528580
100,1.0,99999,1000000000,1.0,99999,100,0,0.0,1,5,9695373657
100,1.0,99999,1000000000,1.0,99999,100,0,0.0,2,1,5240977468
100,1.0,99999,1000000000,1.0,99999,100,0,0.0,2,2,5420740307
100,1.0,99999,1000000000,1.0,99999,100,0,0.0,2,3,5241238005
100,1.0,99999,1000000000,1.0,99999,100,0,0.0,2,4,5253805082
100,1.0,99999,1000000000,1.0,99999,100,0,0.0,2,5,5408496110
100,1.0,99999,1000000000,1.0,99999,100,0,0.0,4,1,2752390580
100,1.0,99999,1000000000,1.0,99999,100,0,0.0,4,2,2778312868
100,1.0,99999,1000000000,1.0,99999,100,0,0.0,4,3,2776109863
100,1.0,99999,1000000000,1.0,99999,100,0,0.0,4,4,2745520710
100,1.0,99999,1000000000,1.0,99999,100,0,0.0,4,5,2747715025
100,1.0,99999,1000000000,1.0,99999,100,0,0.0,8,1,1732772637
100,1.0,99999,1000000000,1.0,99999,100,0,0.0,8,2,1596074496
100,1.0,99999,1000000000,1.0,99999,100,0,0.0,8,3,1701009812
100,1.0,99999,1000000000,1.0,99999,100,0,0.0,8,4,1625379956
100,1.0,99999,1000000000,1.0,99999,100,0,0.0,8,5,1708494001
100,1.0,99999,1000000000,1.0,99999,100,0,0.0,16,1,1288023092
100,1.0,99999,1000000000,1.0,99999,100,0,0.0,16,2,1256511073
100,1.0,99999,1000000000,1.0,99999,100,0,0.0,16,3,1257698403
100,1.0,99999,1000000000,1.0,99999,100,0,0.0,16,4,1244145888
100,1.0,99999,1000000000,1.0,99999,100,0,0.0,16,5,1238131265
100,1.0,99999,1000000000,1.0,99999,10000,0,0.0,1,1,25874623767
100,1.0,99999,1000000000,1.0,99999,10000,0,0.0,1,2,25607916307
100,1.0,99999,1000000000,1.0,99999,10000,0,0.0,1,3,25748933567
100,1.0,99999,1000000000,1.0,99999,10000,0,0.0,1,4,25781821540
100,1.0,99999,1000000000,1.0,99999,10000,0,0.0,1,5,25697794003
100,1.0,99999,1000000000,1.0,99999,10000,0,0.0,2,1,21274056910
100,1.0,99999,1000000000,1.0,99999,10000,0,0.0,2,2,21244678360
100,1.0,99999,1000000000,1.0,99999,10000,0,0.0,2,3,21289502025
100,1.0,99999,1000000000,1.0,99999,10000,0,0.0,2,4,21342969074
100,1.0,99999,1000000000,1.0,99999,10000,0,0.0,2,5,21270289309
100,1.0,99999,1000000000,1.0,99999,10000,0,0.0,4,1,11015623682
100,1.0,99999,1000000000,1.0,99999,10000,0,0.0,4,2,11018351658
100,1.0,99999,1000000000,1.0,99999,10000,0,0.0,4,3,11025540226
100,1.0,99999,1000000000,1.0,99999,10000,0,0.0,4,4,10969356209
100,1.0,99999,1000000000,1.0,99999,10000,0,0.0,4,5,11072676024
100,1.0,99999,1000000000,1.0,99999,10000,0,0.0,8,1,5768736170
100,1.0,99999,1000000000,1.0,99999,10000,0,0.0,8,2,5835815121
100,1.0,99999,1000000000,1.0,99999,10000,0,0.0,8,3,5810469290
100,1.0,99999,1000000000,1.0,99999,10000,0,0.0,8,4,5832589060
100,1.0,99999,1000000000,1.0,99999,10000,0,0.0,8,5,5816494130
100,1.0,99999,1000000000,1.0,99999,10000,0,0.0,16,1,4417786964
100,1.0,99999,1000000000,1.0,99999,10000,0,0.0,16,2,4397934137
100,1.0,99999,1000000000,1.0,99999,10000,0,0.0,16,3,4391733867
100,1.0,99999,1000000000,1.0,99999,10000,0,0.0,16,4,4380207336
100,1.0,99999,1000000000,1.0,99999,10000,0,0.0,16,5,4378015690
100,1.0,99999,1000000000,1.0,99999,1000000,0,0.0,1,1,56709064420
100,1.0,99999,1000000000,1.0,99999,1000000,0,0.0,1,2,56118058712
100,1.0,99999,1000000000,1.0,99999,1000000,0,0.0,1,3,55946345512
100,1.0,99999,1000000000,1.0,99999,1000000,0,0.0,1,4,56199701606
100,1.0,99999,1000000000,1.0,99999,1000000,0,0.0,1,5,56035052247
100,1.0,99999,1000000000,1.0,99999,1000000,0,0.0,2,1,30581790500
100,1.0,99999,1000000000,1.0,99999,1000000,0,0.0,2,2,30804268589
100,1.0,99999,1000000000,1.0,99999,1000000,0,0.0,2,3,30316644907
100,1.0,99999,1000000000,1.0,99999,1000000,0,0.0,2,4,30314773724
100,1.0,99999,1000000000,1.0,99999,1000000,0,0.0,2,5,30407047907
100,1.0,99999,1000000000,1.0,99999,1000000,0,0.0,4,1,15721123818
100,1.0,99999,1000000000,1.0,99999,1000000,0,0.0,4,2,16063235982
100,1.0,99999,1000000000,1.0,99999,1000000,0,0.0,4,3,15751186331
100,1.0,99999,1000000000,1.0,99999,1000000,0,0.0,4,4,15994008802
100,1.0,99999,1000000000,1.0,99999,1000000,0,0.0,4,5,15931850197
100,1.0,99999,1000000000,1.0,99999,1000000,0,0.0,8,1,8623820145
100,1.0,99999,1000000000,1.0,99999,1000000,0,0.0,8,2,8638878120
100,1.0,99999,1000000000,1.0,99999,1000000,0,0.0,8,3,8566656388
100,1.0,99999,1000000000,1.0,99999,1000000,0,0.0,8,4,8651956822
100,1.0,99999,1000000000,1.0,99999,1000000,0,0.0,8,5,8585859437
100,1.0,99999,1000000000,1.0,99999,1000000,0,0.0,16,1,6975358096
100,1.0,99999,1000000000,1.0,99999,1000000,0,0.0,16,2,7003244122
100,1.0,99999,1000000000,1.0,99999,1000000,0,0.0,16,3,6957573351
100,1.0,99999,1000000000,1.0,99999,1000000,0,0.0,16,4,6973067412
100,1.0,99999,1000000000,1.0,99999,1000000,0,0.0,16,5,6981036561
100,1.0,99999,1000000000,1.0,99999,100000000,0,0.0,1,1,67335834490
100,1.0,99999,1000000000,1.0,99999,100000000,0,0.0,1,2,66657511101
100,1.0,99999,1000000000,1.0,99999,100000000,0,0.0,1,3,66714490986
100,1.0,99999,1000000000,1.0,99999,100000000,0,0.0,1,4,66832867112
100,1.0,99999,1000000000,1.0,99999,100000000,0,0.0,1,5,66708048380
100,1.0,99999,1000000000,1.0,99999,100000000,0,0.0,2,1,33062361149
100,1.0,99999,1000000000,1.0,99999,100000000,0,0.0,2,2,32883977986
100,1.0,99999,1000000000,1.0,99999,100000000,0,0.0,2,3,33406521141
100,1.0,99999,1000000000,1.0,99999,100000000,0,0.0,2,4,33427205134
100,1.0,99999,1000000000,1.0,99999,100000000,0,0.0,2,5,33381877997
100,1.0,99999,1000000000,1.0,99999,100000000,0,0.0,4,1,17274077736
100,1.0,99999,1000000000,1.0,99999,100000000,0,0.0,4,2,17299062874
100,1.0,99999,1000000000,1.0,99999,100000000,0,0.0,4,3,17323783629
100,1.0,99999,1000000000,1.0,99999,100000000,0,0.0,4,4,17083472500
100,1.0,99999,1000000000,1.0,99999,100000000,0,0.0,4,5,17097982744
100,1.0,99999,1000000000,1.0,99999,100000000,0,0.0,8,1,9459381639
100,1.0,99999,1000000000,1.0,99999,100000000,0,0.0,8,2,9471911721
100,1.0,99999,1000000000,1.0,99999,100000000,0,0.0,8,3,9489588872
100,1.0,99999,1000000000,1.0,99999,100000000,0,0.0,8,4,9476969842
100,1.0,99999,1000000000,1.0,99999,100000000,0,0.0,8,5,9468516928
100,1.0,99999,1000000000,1.0,99999,100000000,0,0.0,16,1,7656853851
100,1.0,99999,1000000000,1.0,99999,100000000,0,0.0,16,2,7606239413
100,1.0,99999,1000000000,1.0,99999,100000000,0,0.0,16,3,7660093924
100,1.0,99999,1000000000,1.0,99999,100000000,0,0.0,16,4,7644025082
100,1.0,99999,1000000000,1.0,99999,100000000,0,0.0,16,5,7650720767
100,1.0,99999,1000000000,1.0,99999,100000000,100,0.5,1,1,51522500122
100,1.0,99999,1000000000,1.0,99999,100000000,100,0.5,1,2,50909976642
100,1.0,99999,1000000000,1.0,99999,100000000,100,0.5,1,3,50862564977
100,1.0,99999,1000000000,1.0,99999,100000000,100,0.5,1,4,50877013977
100,1.0,99999,1000000000,1.0,99999,100000000,100,0.5,1,5,51256354037
100,1.0,99999,1000000000,1.0,99999,100000000,100,0.5,2,1,25258528680
100,1.0,99999,1000000000,1.0,99999,100000000,100,0.5,2,2,25265739360
100,1.0,99999,1000000000,1.0,99999,100000000,100,0.5,2,3,25255617645
100,1.0,99999,1000000000,1.0,99999,100000000,100,0.5,2,4,25250169973
100,1.0,99999,1000000000,1.0,99999,100000000,100,0.5,2,5,25269824081
100,1.0,99999,1000000000,1.0,99999,100000000,100,0.5,4,1,13157796684
100,1.0,99999,1000000000,1.0,99999,100000000,100,0.5,4,2,13134563841
100,1.0,99999,1000000000,1.0,99999,100000000,100,0.5,4,3,13103472710
100,1.0,99999,1000000000,1.0,99999,100000000,100,0.5,4,4,13100908513
100,1.0,99999,1000000000,1.0,99999,100000000,100,0.5,4,5,13217370162
100,1.0,99999,1000000000,1.0,99999,100000000,100,0.5,8,1,7199177412
100,1.0,99999,1000000000,1.0,99999,100000000,100,0.5,8,2,7277536804
100,1.0,99999,1000000000,1.0,99999,100000000,100,0.5,8,3,7152958006
100,1.0,99999,1000000000,1.0,99999,100000000,100,0.5,8,4,7236036416
100,1.0,99999,1000000000,1.0,99999,100000000,100,0.5,8,5,7241044601
100,1.0,99999,1000000000,1.0,99999,100000000,100,0.5,16,1,5521796335
100,1.0,99999,1000000000,1.0,99999,100000000,100,0.5,16,2,5498146100
100,1.0,99999,1000000000,1.0,99999,100000000,100,0.5,16,3,5513353078
100,1.0,99999,1000000000,1.0,99999,100000000,100,0.5,16,4,5492991663
100,1.0,99999,1000000000,1.0,99999,100000000,100,0.5,16,5,5519962856
100,1.0,99999,1000000000,1.0,99999,100000000,100,1.0,1,1,26737199429
100,1.0,99999,1000000000,1.0,99999,100000000,100,1.0,1,2,26679777086
100,1.0,99999,1000000000,1.0,99999,100000000,100,1.0,1,3,26677899334
100,1.0,99999,1000000000,1.0,99999,100000000,100,1.0,1,4,26896044080
100,1.0,99999,1000000000,1.0,99999,100000000,100,1.0,1,5,26702316298
100,1.0,99999,1000000000,1.0,99999,100000000,100,1.0,2,1,13641981076
100,1.0,99999,1000000000,1.0,99999,100000000,100,1.0,2,2,13795169326
100,1.0,99999,1000000000,1.0,99999,100000000,100,1.0,2,3,13691904947
100,1.0,99999,1000000000,1.0,99999,100000000,100,1.0,2,4,13654665128
100,1.0,99999,1000000000,1.0,99999,100000000,100,1.0,2,5,13637486564
100,1.0,99999,1000000000,1.0,99999,100000000,100,1.0,4,1,7169996175
100,1.0,99999,1000000000,1.0,99999,100000000,100,1.0,4,2,7147483055
100,1.0,99999,1000000000,1.0,99999,100000000,100,1.0,4,3,7237346441
100,1.0,99999,1000000000,1.0,99999,100000000,100,1.0,4,4,7206931281
100,1.0,99999,1000000000,1.0,99999,100000000,100,1.0,4,5,7155746011
100,1.0,99999,1000000000,1.0,99999,100000000,100,1.0,8,1,4099864855
100,1.0,99999,1000000000,1.0,99999,100000000,100,1.0,8,2,4134492476
100,1.0,99999,1000000000,1.0,99999,100000000,100,1.0,8,3,4099046495
100,1.0,99999,1000000000,1.0,99999,100000000,100,1.0,8,4,4053243802
100,1.0,99999,1000000000,1.0,99999,100000000,100,1.0,8,5,4119132317
100,1.0,99999,1000000000,1.0,99999,100000000,100,1.0,16,1,2866873869
100,1.0,99999,1000000000,1.0,99999,100000000,100,1.0,16,2,2874093875
100,1.0,99999,1000000000,1.0,99999,100000000,100,1.0,16,3,2874295961
100,1.0,99999,1000000000,1.0,99999,100000000,100,1.0,16,4,2923056141
100,1.0,99999,1000000000,1.0,99999,100000000,100,1.0,16,5,2871541848
100,1.0,99999,1000000000,1.0,99999,100000000,10000,1.0,1,1,35175796255
100,1.0,99999,1000000000,1.0,99999,100000000,10000,1.0,1,2,35041025316
100,1.0,99999,1000000000,1.0,99999,100000000,10000,1.0,1,3,35185812974
100,1.0,99999,1000000000,1.0,99999,100000000,10000,1.0,1,4,35253983292
100,1.0,99999,1000000000,1.0,99999,100000000,10000,1.0,1,5,35218247345
100,1.0,99999,1000000000,1.0,99999,100000000,10000,1.0,2,1,22138700578
100,1.0,99999,1000000000,1.0,99999,100000000,10000,1.0,2,2,22117068623
100,1.0,99999,1000000000,1.0,99999,100000000,10000,1.0,2,3,22378359099
100,1.0,99999,1000000000,1.0,99999,100000000,10000,1.0,2,4,22193813968
100,1.0,99999,1000000000,1.0,99999,100000000,10000,1.0,2,5,22150882242
100,1.0,99999,1000000000,1.0,99999,100000000,10000,1.0,4,1,11380226017
100,1.0,99999,1000000000,1.0,99999,100000000,10000,1.0,4,2,11413369715
100,1.0,99999,1000000000,1.0,99999,100000000,10000,1.0,4,3,11456769199
100,1.0,99999,1000000000,1.0,99999,100000000,10000,1.0,4,4,11388747617
100,1.0,99999,1000000000,1.0,99999,100000000,10000,1.0,4,5,11456989819
100,1.0,99999,1000000000,1.0,99999,100000000,10000,1.0,8,1,6225516998
100,1.0,99999,1000000000,1.0,99999,100000000,10000,1.0,8,2,6254681053
100,1.0,99999,1000000000,1.0,99999,100000000,10000,1.0,8,3,6240163064
100,1.0,99999,1000000000,1.0,99999,100000000,10000,1.0,8,4,6246366234
100,1.0,99999,1000000000,1.0,99999,100000000,10000,1.0,8,5,6221268387
100,1.0,99999,1000000000,1.0,99999,100000000,10000,1.0,16,1,4575970353
100,1.0,99999,1000000000,1.0,99999,100000000,10000,1.0,16,2,4563401286
100,1.0,99999,1000000000,1.0,99999,100000000,10000,1.0,16,3,4544936947
100,1.0,99999,1000000000,1.0,99999,100000000,10000,1.0,16,4,4547968492
100,1.0,99999,1000000000,1.0,99999,100000000,10000,1.0,16,5,4581004314
100000,1.0,99999,1000000000,1.0,99999,100,0,0.0,1,1,14628943903
100000,1.0,99999,1000000000,1.0,99999,100,0,0.0,1,2,14625022870
100000,1.0,99999,1000000000,1.0,99999,100,0,0.0,1,3,14795613535
100000,1.0,99999,1000000000,1.0,99999,100,0,0.0,1,4,14647615339
100000,1.0,99999,1000000000,1.0,99999,100,0,0.0,1,5,14631665006
100000,1.0,99999,1000000000,1.0,99999,100,0,0.0,2,1,7606251474
100000,1.0,99999,1000000000,1.0,99999,100,0,0.0,2,2,7633168731
100000,1.0,99999,1000000000,1.0,99999,100,0,0.0,2,3,7555380063
100000,1.0,99999,1000000000,1.0,99999,100,0,0.0,2,4,7631046676
100000,1.0,99999,1000000000,1.0,99999,100,0,0.0,2,5,7549902792
100000,1.0,99999,1000000000,1.0,99999,100,0,0.0,4,1,3895030245
100000,1.0,99999,1000000000,1.0,99999,100,0,0.0,4,2,3841382431
100000,1.0,99999,1000000000,1.0,99999,100,0,0.0,4,3,3861625801
100000,1.0,99999,1000000000,1.0,99999,100,0,0.0,4,4,3881674062
100000,1.0,99999,1000000000,1.0,99999,100,0,0.0,4,5,3896410615
100000,1.0,99999,1000000000,1.0,99999,100,0,0.0,8,1,2159621679
100000,1.0,99999,1000000000,1.0,99999,100,0,0.0,8,2,2119709636
100000,1.0,99999,1000000000,1.0,99999,100,0,0.0,8,3,2125324484
100000,1.0,99999,1000000000,1.0,99999,100,0,0.0,8,4,2057083931
100000,1.0,99999,1000000000,1.0,99999,100,0,0.0,8,5,2112471348
100000,1.0,99999,1000000000,1.0,99999,100,0,0.0,16,1,1800417276
100000,1.0,99999,1000000000,1.0,99999,100,0,0.0,16,2,1767765207
100000,1.0,99999,1000000000,1.0,99999,100,0,0.0,16,3,1764129855
100000,1.0,99999,1000000000,1.0,99999,100,0,0.0,16,4,1768039479
100000,1.0,99999,1000000000,1.0,99999,100,0,0.0,16,5,1757353595
100000,1.0,99999,1000000000,1.0,99999,10000,0,0.0,1,1,30118117009
100000,1.0,99999,1000000000,1.0,99999,10000,0,0.0,1,2,30323956579
100000,1.0,99999,1000000000,1.0,99999,10000,0,0.0,1,3,29960264288
100000,1.0,99999,1000000000,1.0,99999,10000,0,0.0,1,4,29894851499
100000,1.0,99999,1000000000,1.0,99999,10000,0,0.0,1,5,29958049909
100000,1.0,99999,1000000000,1.0,99999,10000,0,0.0,2,1,22570176514
100000,1.0,99999,1000000000,1.0,99999,10000,0,0.0,2,2,22581203483
100000,1.0,99999,1000000000,1.0,99999,10000,0,0.0,2,3,22503666047
100000,1.0,99999,1000000000,1.0,99999,10000,0,0.0,2,4,22515852430
100000,1.0,99999,1000000000,1.0,99999,10000,0,0.0,2,5,22516091826
100000,1.0,99999,1000000000,1.0,99999,10000,0,0.0,4,1,11593575939
100000,1.0,99999,1000000000,1.0,99999,10000,0,0.0,4,2,11574747026
100000,1.0,99999,1000000000,1.0,99999,10000,0,0.0,4,3,11635076146
100000,1.0,99999,1000000000,1.0,99999,10000,0,0.0,4,4,11623495408
100000,1.0,99999,1000000000,1.0,99999,10000,0,0.0,4,5,11623262962
100000,1.0,99999,1000000000,1.0,99999,10000,0,0.0,8,1,6164976534
100000,1.0,99999,1000000000,1.0,99999,10000,0,0.0,8,2,6143561232
100000,1.0,99999,1000000000,1.0,99999,10000,0,0.0,8,3,6210926487
100000,1.0,99999,1000000000,1.0,99999,10000,0,0.0,8,4,6176324439
100000,1.0,99999,1000000000,1.0,99999,10000,0,0.0,8,5,6136152230
100000,1.0,99999,1000000000,1.0,99999,10000,0,0.0,16,1,4728464600
100000,1.0,99999,1000000000,1.0,99999,10000,0,0.0,16,2,4715449662
100000,1.0,99999,1000000000,1.0,99999,10000,0,0.0,16,3,4694476053
100000,1.0,99999,1000000000,1.0,99999,10000,0,0.0,16,4,4703774690
100000,1.0,99999,1000000000,1.0,99999,10000,0,0.0,16,5,4682077716
100000,1.0,99999,1000000000,1.0,99999,1000000,0,0.0,1,1,60647856831
100000,1.0,99999,1000000000,1.0,99999,1000000,0,0.0,1,2,60391947240
100000,1.0,99999,1000000000,1.0,99999,1000000,0,0.0,1,3,61342627586
100000,1.0,99999,1000000000,1.0,99999,1000000,0,0.0,1,4,60491068412
100000,1.0,99999,1000000000,1.0,99999,1000000,0,0.0,1,5,60683091615
100000,1.0,99999,1000000000,1.0,99999,1000000,0,0.0,2,1,31864417042
100000,1.0,99999,1000000000,1.0,99999,1000000,0,0.0,2,2,31843227242
100000,1.0,99999,1000000000,1.0,99999,1000000,0,0.0,2,3,32182156945
100000,1.0,99999,1000000000,1.0,99999,1000000,0,0.0,2,4,31989819051
100000,1.0,99999,1000000000,1.0,99999,1000000,0,0.0,2,5,31960126989
100000,1.0,99999,1000000000,1.0,99999,1000000,0,0.0,4,1,16544598686
100000,1.0,99999,1000000000,1.0,99999,1000000,0,0.0,4,2,16932494691
100000,1.0,99999,1000000000,1.0,99999,1000000,0,0.0,4,3,16633062044
100000,1.0,99999,1000000000,1.0,99999,1000000,0,0.0,4,4,16890627931
100000,1.0,99999,1000000000,1.0,99999,1000000,0,0.0,4,5,16607493398
100000,1.0,99999,1000000000,1.0,99999,1000000,0,0.0,8,1,9268455936
100000,1.0,99999,1000000000,1.0,99999,1000000,0,0.0,8,2,9221371484
100000,1.0,99999,1000000000,1.0,99999,1000000,0,0.0,8,3,9367679972
100000,1.0,99999,1000000000,1.0,99999,1000000,0,0.0,8,4,9140440481
100000,1.0,99999,1000000000,1.0,99999,1000000,0,0.0,8,5,9175933003
100000,1.0,99999,1000000000,1.0,99999,1000000,0,0.0,16,1,7643077473
100000,1.0,99999,1000000000,1.0,99999,1000000,0,0.0,16,2,7571655856
100000,1.0,99999,1000000000,1.0,99999,1000000,0,0.0,16,3,7662450009
100000,1.0,99999,1000000000,1.0,99999,1000000,0,0.0,16,4,7652473030
100000,1.0,99999,1000000000,1.0,99999,1000000,0,0.0,16,5,7638701900
100000,1.0,99999,1000000000,1.0,99999,100000000,0,0.0,1,1,69349196716
100000,1.0,99999,1000000000,1.0,99999,100000000,0,0.0,1,2,70413561014
100000,1.0,99999,1000000000,1.0,99999,100000000,0,0.0,1,3,69517164313
100000,1.0,99999,1000000000,1.0,99999,100000000,0,0.0,1,4,69301689724
100000,1.0,99999,1000000000,1.0,99999,100000000,0,0.0,1,5,69406425724
100000,1.0,99999,1000000000,1.0,99999,100000000,0,0.0,2,1,34561873508
100000,1.0,99999,1000000000,1.0,99999,100000000,0,0.0,2,2,34562249535
100000,1.0,99999,1000000000,1.0,99999,100000000,0,0.0,2,3,34254461407
100000,1.0,99999,1000000000,1.0,99999,100000000,0,0.0,2,4,34686705746
100000,1.0,99999,1000000000,1.0,99999,100000000,0,0.0,2,5,34276121384
100000,1.0,99999,1000000000,1.0,99999,100000000,0,0.0,4,1,17820139184
100000,1.0,99999,1000000000,1.0,99999,100000000,0,0.0,4,2,17942558633
100000,1.0,99999,1000000000,1.0,99999,100000000,0,0.0,4,3,17803332823
100000,1.0,99999,1000000000,1.0,99999,100000000,0,0.0,4,4,18236346206
100000,1.0,99999,1000000000,1.0,99999,100000000,0,0.0,4,5,17759725413
100000,1.0,99999,1000000000,1.0,99999,100000000,0,0.0,8,1,9942581123
100000,1.0,99999,1000000000,1.0,99999,100000000,0,0.0,8,2,9890030938
100000,1.0,99999,1000000000,1.0,99999,100000000,0,0.0,8,3,9808933324
100000,1.0,99999,1000000000,1.0,99999,100000000,0,0.0,8,4,9875630100
100000,1.0,99999,1000000000,1.0,99999,100000000,0,0.0,8,5,9873361330
100000,1.0,99999,1000000000,1.0,99999,100000000,0,0.0,16,1,8199007585
100000,1.0,99999,1000000000,1.0,99999,100000000,0,0.0,16,2,8180822926
100000,1.0,99999,1000000000,1.0,99999,100000000,0,0.0,16,3,8184839209
100000,1.0,99999,1000000000,1.0,99999,100000000,0,0.0,16,4,8180711745
100000,1.0,99999,1000000000,1.0,99999,100000000,0,0.0,16,5,8167508049
100000,1.0,99999,1000000000,1.0,99999,100000000,100,0.5,1,1,54737072800
100000,1.0,99999,1000000000,1.0,99999,100000000,100,0.5,1,2,54634525626
100000,1.0,99999,1000000000,1.0,99999,100000000,100,0.5,1,3,55373809146
100000,1.0,99999,1000000000,1.0,99999,100000000,100,0.5,1,4,54678969581
100000,1.0,99999,1000000000,1.0,99999,100000000,100,0.5,1,5,55271098223
100000,1.0,99999,1000000000,1.0,99999,100000000,100,0.5,2,1,27169200446
100000,1.0,99999,1000000000,1.0,99999,100000000,100,0.5,2,2,27071699530
100000,1.0,99999,1000000000,1.0,99999,100000000,100,0.5,2,3,26987466298
100000,1.0,99999,1000000000,1.0,99999,100000000,100,0.5,2,4,27046338190
100000,1.0,99999,1000000000,1.0,99999,100000000,100,0.5,2,5,27279488508
100000,1.0,99999,1000000000,1.0,99999,100000000,100,0.5,4,1,13975752157
100000,1.0,99999,1000000000,1.0,99999,100000000,100,0.5,4,2,13939761608
100000,1.0,99999,1000000000,1.0,99999,100000000,100,0.5,4,3,13968986172
100000,1.0,99999,1000000000,1.0,99999,100000000,100,0.5,4,4,13954898931
100000,1.0,99999,1000000000,1.0,99999,100000000,100,0.5,4,5,14013050449
100000,1.0,99999,1000000000,1.0,99999,100000000,100,0.5,8,1,7734322999
100000,1.0,99999,1000000000,1.0,99999,100000000,100,0.5,8,2,7631244827
100000,1.0,99999,1000000000,1.0,99999,100000000,100,0.5,8,3,7660950671
100000,1.0,99999,1000000000,1.0,99999,100000000,100,0.5,8,4,7697058173
100000,1.0,99999,1000000000,1.0,99999,100000000,100,0.5,8,5,7656879421
100000,1.0,99999,1000000000,1.0,99999,100000000,100,0.5,16,1,6073837021
100000,1.0,99999,1000000000,1.0,99999,100000000,100,0.5,16,2,6021124050
100000,1.0,99999,1000000000,1.0,99999,100000000,100,0.5,16,3,6018966258
100000,1.0,99999,1000000000,1.0,99999,100000000,100,0.5,16,4,6004246799
100000,1.0,99999,1000000000,1.0,99999,100000000,100,0.5,16,5,6028070278
100000,1.0,99999,1000000000,1.0,99999,100000000,100,1.0,1,1,28392837434
100000,1.0,99999,1000000000,1.0,99999,100000000,100,1.0,1,2,28398904340
100000,1.0,99999,1000000000,1.0,99999,100000000,100,1.0,1,3,28372208594
100000,1.0,99999,1000000000,1.0,99999,100000000,100,1.0,1,4,28656427888
100000,1.0,99999,1000000000,1.0,99999,100000000,100,1.0,1,5,28376828124
100000,1.0,99999,1000000000,1.0,99999,100000000,100,1.0,2,1,14375858078
100000,1.0,99999,1000000000,1.0,99999,100000000,100,1.0,2,2,14432140565
100000,1.0,99999,1000000000,1.0,99999,100000000,100,1.0,2,3,14556698471
100000,1.0,99999,1000000000,1.0,99999,100000000,100,1.0,2,4,14422856110
100000,1.0,99999,1000000000,1.0,99999,100000000,100,1.0,2,5,14407616251
100000,1.0,99999,1000000000,1.0,99999,100000000,100,1.0,4,1,7567220797
100000,1.0,99999,1000000000,1.0,99999,100000000,100,1.0,4,2,7563451802
100000,1.0,99999,1000000000,1.0,99999,100000000,100,1.0,4,3,7573144206
100000,1.0,99999,1000000000,1.0,99999,100000000,100,1.0,4,4,7563801884
100000,1.0,99999,1000000000,1.0,99999,100000000,100,1.0,4,5,7560295838
100000,1.0,99999,1000000000,1.0,99999,100000000,100,1.0,8,1,4470249521
100000,1.0,99999,1000000000,1.0,99999,100000000,100,1.0,8,2,4460604113
100000,1.0,99999,1000000000,1.0,99999,100000000,100,1.0,8,3,4208261197
100000,1.0,99999,1000000000,1.0,99999,100000000,100,1.0,8,4,4302932809
100000,1.0,99999,1000000000,1.0,99999,100000000,100,1.0,8,5,4299212500
100000,1.0,99999,1000000000,1.0,99999,100000000,100,1.0,16,1,3246532364
100000,1.0,99999,1000000000,1.0,99999,100000000,100,1.0,16,2,3092803904
100000,1.0,99999,1000000000,1.0,99999,100000000,100,1.0,16,3,3045553360
100000,1.0,99999,1000000000,1.0,99999,100000000,100,1.0,16,4,3037957093
100000,1.0,99999,1000000000,1.0,99999,100000000,100,1.0,16,5,3059374062
100000,1.0,99999,1000000000,1.0,99999,100000000,10000,1.0,1,1,38961117196
100000,1.0,99999,1000000000,1.0,99999,100000000,10000,1.0,1,2,38903665464
100000,1.0,99999,1000000000,1.0,99999,100000000,10000,1.0,1,3,39442483194
100000,1.0,99999,1000000000,1.0,99999,100000000,10000,1.0,1,4,38933072144
100000,1.0,99999,1000000000,1.0,99999,100000000,10000,1.0,1,5,39385155322
100000,1.0,99999,1000000000,1.0,99999,100000000,10000,1.0,2,1,23518753133
100000,1.0,99999,1000000000,1.0,99999,100000000,10000,1.0,2,2,23456711148
100000,1.0,99999,1000000000,1.0,99999,100000000,10000,1.0,2,3,23541270216
100000,1.0,99999,1000000000,1.0,99999,100000000,10000,1.0,2,4,23540092824
100000,1.0,99999,1000000000,1.0,99999,100000000,10000,1.0,2,5,23468651232
100000,1.0,99999,1000000000,1.0,99999,100000000,10000,1.0,4,1,12060193898
100000,1.0,99999,1000000000,1.0,99999,100000000,10000,1.0,4,2,12106947673
100000,1.0,99999,1000000000,1.0,99999,100000000,10000,1.0,4,3,12171095049
100000,1.0,99999,1000000000,1.0,99999,100000000,10000,1.0,4,4,12080338337
100000,1.0,99999,1000000000,1.0,99999,100000000,10000,1.0,4,5,12044956489
100000,1.0,99999,1000000000,1.0,99999,100000000,10000,1.0,8,1,6585671596
100000,1.0,99999,1000000000,1.0,99999,100000000,10000,1.0,8,2,6596344963
100000,1.0,99999,1000000000,1.0,99999,100000000,10000,1.0,8,3,6587514814
100000,1.0,99999,1000000000,1.0,99999,100000000,10000,1.0,8,4,6571400800
100000,1.0,99999,1000000000,1.0,99999,100000000,10000,1.0,8,5,6640529860
100000,1.0,99999,1000000000,1.0,99999,100000000,10000,1.0,16,1,4988562221
100000,1.0,99999,1000000000,1.0,99999,100000000,10000,1.0,16,2,4953880389
100000,1.0,99999,1000000000,1.0,99999,100000000,10000,1.0,16,3,4917985413
100000,1.0,99999,1000000000,1.0,99999,100000000,10000,1.0,16,4,4966102341
100000,1.0,99999,1000000000,1.0,99999,100000000,10000,1.0,16,5,4932803073
100000000,1.0,99999,1000000000,1.0,99999,100,0,0.0,1,1,38786661561
100000000,1.0,99999,1000000000,1.0,99999,100,0,0.0,1,2,38774286427
100000000,1.0,99999,1000000000,1.0,99999,100,0,0.0,1,3,38774488574
100000000,1.0,99999,1000000000,1.0,99999,100,0,0.0,1,4,38776365393
100000000,1.0,99999,1000000000,1.0,99999,100,0,0.0,1,5,38658407939
100000000,1.0,99999,1000000000,1.0,99999,100,0,0.0,2,1,19127333125
100000000,1.0,99999,1000000000,1.0,99999,100,0,0.0,2,2,19139646215
100000000,1.0,99999,1000000000,1.0,99999,100,0,0.0,2,3,19120419350
100000000,1.0,99999,1000000000,1.0,99999,100,0,0.0,2,4,19286069386
100000000,1.0,99999,1000000000,1.0,99999,100,0,0.0,2,5,19127947143
100000000,1.0,99999,1000000000,1.0,99999,100,0,0.0,4,1,10001309945
100000000,1.0,99999,1000000000,1.0,99999,100,0,0.0,4,2,10008928346
100000000,1.0,99999,1000000000,1.0,99999,100,0,0.0,4,3,10007655675
100000000,1.0,99999,1000000000,1.0,99999,100,0,0.0,4,4,10009899443
100000000,1.0,99999,1000000000,1.0,99999,100,0,0.0,4,5,10012163114
100000000,1.0,99999,1000000000,1.0,99999,100,0,0.0,8,1,5727105310
100000000,1.0,99999,1000000000,1.0,99999,100,0,0.0,8,2,5738192531
100000000,1.0,99999,1000000000,1.0,99999,100,0,0.0,8,3,5728119907
100000000,1.0,99999,1000000000,1.0,99999,100,0,0.0,8,4,5781234760
100000000,1.0,99999,1000000000,1.0,99999,100,0,0.0,8,5,5736133670
100000000,1.0,99999,1000000000,1.0,99999,100,0,0.0,16,1,5068662988
100000000,1.0,99999,1000000000,1.0,99999,100,0,0.0,16,2,5046010641
100000000,1.0,99999,1000000000,1.0,99999,100,0,0.0,16,3,5043071170
100000000,1.0,99999,1000000000,1.0,99999,100,0,0.0,16,4,5039734502
100000000,1.0,99999,1000000000,1.0,99999,100,0,0.0,16,5,5042922484
100000000,1.0,99999,1000000000,1.0,99999,10000,0,0.0,1,1,52808743588
100000000,1.0,99999,1000000000,1.0,99999,10000,0,0.0,1,2,52512239464
100000000,1.0,99999,1000000000,1.0,99999,10000,0,0.0,1,3,52377407059
100000000,1.0,99999,1000000000,1.0,99999,10000,0,0.0,1,4,52950737412
100000000,1.0,99999,1000000000,1.0,99999,10000,0,0.0,1,5,52495838009
100000000,1.0,99999,1000000000,1.0,99999,10000,0,0.0,2,1,30114172665
100000000,1.0,99999,1000000000,1.0,99999,10000,0,0.0,2,2,29808377355
100000000,1.0,99999,1000000000,1.0,99999,10000,0,0.0,2,3,29794886552
100000000,1.0,99999,1000000000,1.0,99999,10000,0,0.0,2,4,29560580441
100000000,1.0,99999,1000000000,1.0,99999,10000,0,0.0,2,5,29615135739
100000000,1.0,99999,1000000000,1.0,99999,10000,0,0.0,4,1,15821386035
100000000,1.0,99999,1000000000,1.0,99999,10000,0,0.0,4,2,15524072050
100000000,1.0,99999,1000000000,1.0,99999,10000,0,0.0,4,3,15722255559
100000000,1.0,99999,1000000000,1.0,99999,10000,0,0.0,4,4,15553208250
100000000,1.0,99999,1000000000,1.0,99999,10000,0,0.0,4,5,15622194403
100000000,1.0,99999,1000000000,1.0,99999,10000,0,0.0,8,1,8619508297
100000000,1.0,99999,1000000000,1.0,99999,10000,0,0.0,8,2,8708441087
100000000,1.0,99999,1000000000,1.0,99999,10000,0,0.0,8,3,8692248355
100000000,1.0,99999,1000000000,1.0,99999,10000,0,0.0,8,4,8684291604
100000000,1.0,99999,1000000000,1.0,99999,10000,0,0.0,8,5,8670407410
100000000,1.0,99999,1000000000,1.0,99999,10000,0,0.0,16,1,7164802139
100000000,1.0,99999,1000000000,1.0,99999,10000,0,0.0,16,2,7144240563
100000000,1.0,99999,1000000000,1.0,99999,10000,0,0.0,16,3,7139803111
100000000,1.0,99999,1000000000,1.0,99999,10000,0,0.0,16,4,7143027463
100000000,1.0,99999,1000000000,1.0,99999,10000,0,0.0,16,5,7136151936
100000000,1.0,99999,1000000000,1.0,99999,1000000,0,0.0,1,1,72662799004
100000000,1.0,99999,1000000000,1.0,99999,1000000,0,0.0,1,2,72985904119
100000000,1.0,99999,1000000000,1.0,99999,1000000,0,0.0,1,3,72613241474
100000000,1.0,99999,1000000000,1.0,99999,1000000,0,0.0,1,4,73298267564
100000000,1.0,99999,1000000000,1.0,99999,1000000,0,0.0,1,5,72554126632
100000000,1.0,99999,1000000000,1.0,99999,1000000,0,0.0,2,1,37626794986
100000000,1.0,99999,1000000000,1.0,99999,1000000,0,0.0,2,2,37730528368
100000000,1.0,99999,1000000000,1.0,99999,1000000,0,0.0,2,3,37678481293
100000000,1.0,99999,1000000000,1.0,99999,1000000,0,0.0,2,4,37718103966
100000000,1.0,99999,1000000000,1.0,99999,1000000,0,0.0,2,5,37751840134
100000000,1.0,99999,1000000000,1.0,99999,1000000,0,0.0,4,1,19989724051
100000000,1.0,99999,1000000000,1.0,99999,1000000,0,0.0,4,2,19895945285
100000000,1.0,99999,1000000000,1.0,99999,1000000,0,0.0,4,3,19951520138
100000000,1.0,99999,1000000000,1.0,99999,1000000,0,0.0,4,4,19851496433
100000000,1.0,99999,1000000000,1.0,99999,1000000,0,0.0,4,5,20187214471
100000000,1.0,99999,1000000000,1.0,99999,1000000,0,0.0,8,1,11718922797
100000000,1.0,99999,1000000000,1.0,99999,1000000,0,0.0,8,2,11584852863
100000000,1.0,99999,1000000000,1.0,99999,1000000,0,0.0,8,3,11607009596
100000000,1.0,99999,1000000000,1.0,99999,1000000,0,0.0,8,4,11544739043
100000000,1.0,99999,1000000000,1.0,99999,1000000,0,0.0,8,5,11698420719
100000000,1.0,99999,1000000000,1.0,99999,1000000,0,0.0,16,1,10190447257
100000000,1.0,99999,1000000000,1.0,99999,1000000,0,0.0,16,2,10194461266
100000000,1.0,99999,1000000000,1.0,99999,1000000,0,0.0,16,3,10190946910
100000000,1.0,99999,1000000000,1.0,99999,1000000,0,0.0,16,4,10187689100
100000000,1.0,99999,1000000000,1.0,99999,1000000,0,0.0,16,5,10194782214
100000000,1.0,99999,1000000000,1.0,99999,100000000,0,0.0,1,1,79380309230
100000000,1.0,99999,1000000000,1.0,99999,100000000,0,0.0,1,2,80177582195
100000000,1.0,99999,1000000000,1.0,99999,100000000,0,0.0,1,3,79367297247
100000000,1.0,99999,1000000000,1.0,99999,100000000,0,0.0,1,4,79392426837
100000000,1.0,99999,1000000000,1.0,99999,100000000,0,0.0,1,5,79358285720
100000000,1.0,99999,1000000000,1.0,99999,100000000,0,0.0,2,1,39650067447
100000000,1.0,99999,1000000000,1.0,99999,100000000,0,0.0,2,2,39607755575
100000000,1.0,99999,1000000000,1.0,99999,100000000,0,0.0,2,3,39640179283
100000000,1.0,99999,1000000000,1.0,99999,100000000,0,0.0,2,4,39600677232
100000000,1.0,99999,1000000000,1.0,99999,100000000,0,0.0,2,5,39711870109
100000000,1.0,99999,1000000000,1.0,99999,100000000,0,0.0,4,1,21260229149
100000000,1.0,99999,1000000000,1.0,99999,100000000,0,0.0,4,2,20800135063
100000000,1.0,99999,1000000000,1.0,99999,100000000,0,0.0,4,3,20802490642
100000000,1.0,99999,1000000000,1.0,99999,100000000,0,0.0,4,4,20847789466
100000000,1.0,99999,1000000000,1.0,99999,100000000,0,0.0,4,5,20814477602
100000000,1.0,99999,1000000000,1.0,99999,100000000,0,0.0,8,1,12236620365
100000000,1.0,99999,1000000000,1.0,99999,100000000,0,0.0,8,2,12218477887
100000000,1.0,99999,1000000000,1.0,99999,100000000,0,0.0,8,3,12290347543
100000000,1.0,99999,1000000000,1.0,99999,100000000,0,0.0,8,4,12263786227
100000000,1.0,99999,1000000000,1.0,99999,100000000,0,0.0,8,5,12249191788
100000000,1.0,99999,1000000000,1.0,99999,100000000,0,0.0,16,1,10765965526
100000000,1.0,99999,1000000000,1.0,99999,100000000,0,0.0,16,2,10736247822
100000000,1.0,99999,1000000000,1.0,99999,100000000,0,0.0,16,3,10732669649
100000000,1.0,99999,1000000000,1.0,99999,100000000,0,0.0,16,4,10739944052
100000000,1.0,99999,1000000000,1.0,99999,100000000,0,0.0,16,5,10760580342
100000000,1.0,99999,1000000000,1.0,99999,100000000,100,0.5,1,1,65364276512
100000000,1.0,99999,1000000000,1.0,99999,100000000,100,0.5,1,2,65527543273
100000000,1.0,99999,1000000000,1.0,99999,100000000,100,0.5,1,3,65278371327
100000000,1.0,99999,1000000000,1.0,99999,100000000,100,0.5,1,4,65359714937
100000000,1.0,99999,1000000000,1.0,99999,100000000,100,0.5,1,5,65294549316
100000000,1.0,99999,1000000000,1.0,99999,100000000,100,0.5,2,1,32689484919
100000000,1.0,99999,1000000000,1.0,99999,100000000,100,0.5,2,2,32715395779
100000000,1.0,99999,1000000000,1.0,99999,100000000,100,0.5,2,3,32670332123
100000000,1.0,99999,1000000000,1.0,99999,100000000,100,0.5,2,4,32598760223
100000000,1.0,99999,1000000000,1.0,99999,100000000,100,0.5,2,5,32521495402
100000000,1.0,99999,1000000000,1.0,99999,100000000,100,0.5,4,1,17083185201
100000000,1.0,99999,1000000000,1.0,99999,100000000,100,0.5,4,2,17122002024
100000000,1.0,99999,1000000000,1.0,99999,100000000,100,0.5,4,3,17139803362
100000000,1.0,99999,1000000000,1.0,99999,100000000,100,0.5,4,4,17492475790
100000000,1.0,99999,1000000000,1.0,99999,100000000,100,0.5,4,5,17158488988
100000000,1.0,99999,1000000000,1.0,99999,100000000,100,0.5,8,1,9970175526
100000000,1.0,99999,1000000000,1.0,99999,100000000,100,0.5,8,2,9996529041
100000000,1.0,99999,1000000000,1.0,99999,100000000,100,0.5,8,3,9993364436
100000000,1.0,99999,1000000000,1.0,99999,100000000,100,0.5,8,4,10055061011
100000000,1.0,99999,1000000000,1.0,99999,100000000,100,0.5,8,5,10134744380
100000000,1.0,99999,1000000000,1.0,99999,100000000,100,0.5,16,1,8632726869
100000000,1.0,99999,1000000000,1.0,99999,100000000,100,0.5,16,2,8597793087
100000000,1.0,99999,1000000000,1.0,99999,100000000,100,0.5,16,3,8605111166
100000000,1.0,99999,1000000000,1.0,99999,100000000,100,0.5,16,4,8651669950
100000000,1.0,99999,1000000000,1.0,99999,100000000,100,0.5,16,5,8632715241
100000000,1.0,99999,1000000000,1.0,99999,100000000,100,1.0,1,1,47237707895
100000000,1.0,99999,1000000000,1.0,99999,100000000,100,1.0,1,2,47178801211
100000000,1.0,99999,1000000000,1.0,99999,100000000,100,1.0,1,3,47267463087
100000000,1.0,99999,1000000000,1.0,99999,100000000,100,1.0,1,4,47142742805
100000000,1.0,99999,1000000000,1.0,99999,100000000,100,1.0,1,5,47600198997
100000000,1.0,99999,1000000000,1.0,99999,100000000,100,1.0,2,1,23482362844
100000000,1.0,99999,1000000000,1.0,99999,100000000,100,1.0,2,2,23702064446
100000000,1.0,99999,1000000000,1.0,99999,100000000,100,1.0,2,3,23516156338
100000000,1.0,99999,1000000000,1.0,99999,100000000,100,1.0,2,4,23441880992
100000000,1.0,99999,1000000000,1.0,99999,100000000,100,1.0,2,5,23493683319
100000000,1.0,99999,1000000000,1.0,99999,100000000,100,1.0,4,1,12451264538
100000000,1.0,99999,1000000000,1.0,99999,100000000,100,1.0,4,2,12451371495
100000000,1.0,99999,1000000000,1.0,99999,100000000,100,1.0,4,3,12427462714
100000000,1.0,99999,1000000000,1.0,99999,100000000,100,1.0,4,4,12426379084
100000000,1.0,99999,1000000000,1.0,99999,100000000,100,1.0,4,5,12402579357
100000000,1.0,99999,1000000000,1.0,99999,100000000,100,1.0,8,1,7401043787
100000000,1.0,99999,1000000000,1.0,99999,100000000,100,1.0,8,2,7435944085
100000000,1.0,99999,1000000000,1.0,99999,100000000,100,1.0,8,3,7460365418
100000000,1.0,99999,1000000000,1.0,99999,100000000,100,1.0,8,4,7385664754
100000000,1.0,99999,1000000000,1.0,99999,100000000,100,1.0,8,5,7387514305
100000000,1.0,99999,1000000000,1.0,99999,100000000,100,1.0,16,1,6390254911
100000000,1.0,99999,1000000000,1.0,99999,100000000,100,1.0,16,2,6422012670
100000000,1.0,99999,1000000000,1.0,99999,100000000,100,1.0,16,3,6399345184
100000000,1.0,99999,1000000000,1.0,99999,100000000,100,1.0,16,4,6382624431
100000000,1.0,99999,1000000000,1.0,99999,100000000,100,1.0,16,5,6389392869
100000000,1.0,99999,1000000000,1.0,99999,100000000,10000,1.0,1,1,59319725763
100000000,1.0,99999,1000000000,1.0,99999,100000000,10000,1.0,1,2,58832846393
100000000,1.0,99999,1000000000,1.0,99999,100000000,10000,1.0,1,3,58707044220
100000000,1.0,99999,1000000000,1.0,99999,100000000,10000,1.0,1,4,59275243648
100000000,1.0,99999,1000000000,1.0,99999,100000000,10000,1.0,1,5,58744986649
100000000,1.0,99999,1000000000,1.0,99999,100000000,10000,1.0,2,1,30545721956
100000000,1.0,99999,1000000000,1.0,99999,100000000,10000,1.0,2,2,30630704902
100000000,1.0,99999,1000000000,1.0,99999,100000000,10000,1.0,2,3,30515310559
100000000,1.0,99999,1000000000,1.0,99999,100000000,10000,1.0,2,4,30785839403
100000000,1.0,99999,1000000000,1.0,99999,100000000,10000,1.0,2,5,30606925943
100000000,1.0,99999,1000000000,1.0,99999,100000000,10000,1.0,4,1,16200834896
100000000,1.0,99999,1000000000,1.0,99999,100000000,10000,1.0,4,2,15942703140
100000000,1.0,99999,1000000000,1.0,99999,100000000,10000,1.0,4,3,15886692842
100000000,1.0,99999,1000000000,1.0,99999,100000000,10000,1.0,4,4,15935726712
100000000,1.0,99999,1000000000,1.0,99999,100000000,10000,1.0,4,5,16117637643
100000000,1.0,99999,1000000000,1.0,99999,100000000,10000,1.0,8,1,9085974547
100000000,1.0,99999,1000000000,1.0,99999,100000000,10000,1.0,8,2,9138362807
100000000,1.0,99999,1000000000,1.0,99999,100000000,10000,1.0,8,3,9065849085
100000000,1.0,99999,1000000000,1.0,99999,100000000,10000,1.0,8,4,9176232942
100000000,1.0,99999,1000000000,1.0,99999,100000000,10000,1.0,8,5,9097916098
100000000,1.0,99999,1000000000,1.0,99999,100000000,10000,1.0,16,1,7502973936
100000000,1.0,99999,1000000000,1.0,99999,100000000,10000,1.0,16,2,7502833998
100000000,1.0,99999,1000000000,1.0,99999,100000000,10000,1.0,16,3,7425992699
100000000,1.0,99999,1000000000,1.0,99999,100000000,10000,1.0,16,4,7453888422
100000000,1.0,99999,1000000000,1.0,99999,100000000,10000,1.0,16,5,7425634481
