100,1.0,99999,1000000000,1.0,99999,100,0,0.0,1,1,11179502359
100,1.0,99999,1000000000,1.0,99999,100,0,0.0,1,2,11491980967
100,1.0,99999,1000000000,1.0,99999,100,0,0.0,1,3,11394047259
100,1.0,99999,1000000000,1.0,99999,100,0,0.0,1,4,11496086719
100,1.0,99999,1000000000,1.0,99999,100,0,0.0,1,5,11644223046
100,1.0,99999,1000000000,1.0,99999,100,0,0.0,2,1,7154711340
100,1.0,99999,1000000000,1.0,99999,100,0,0.0,2,2,7151398822
100,1.0,99999,1000000000,1.0,99999,100,0,0.0,2,3,7161993842
100,1.0,99999,1000000000,1.0,99999,100,0,0.0,2,4,7098385401
100,1.0,99999,1000000000,1.0,99999,100,0,0.0,2,5,7157258311
100,1.0,99999,1000000000,1.0,99999,100,0,0.0,4,1,3798172969
100,1.0,99999,1000000000,1.0,99999,100,0,0.0,4,2,3762096346
100,1.0,99999,1000000000,1.0,99999,100,0,0.0,4,3,3788059877
100,1.0,99999,1000000000,1.0,99999,100,0,0.0,4,4,3766743940
100,1.0,99999,1000000000,1.0,99999,100,0,0.0,4,5,3798750665
100,1.0,99999,1000000000,1.0,99999,100,0,0.0,8,1,2226436419
100,1.0,99999,1000000000,1.0,99999,100,0,0.0,8,2,2213929461
100,1.0,99999,1000000000,1.0,99999,100,0,0.0,8,3,2202598591
100,1.0,99999,1000000000,1.0,99999,100,0,0.0,8,4,2161439791
100,1.0,99999,1000000000,1.0,99999,100,0,0.0,8,5,2173325396
100,1.0,99999,1000000000,1.0,99999,100,0,0.0,16,1,1800532246
100,1.0,99999,1000000000,1.0,99999,100,0,0.0,16,2,1840423725
100,1.0,99999,1000000000,1.0,99999,100,0,0.0,16,3,1735360844
100,1.0,99999,1000000000,1.0,99999,100,0,0.0,16,4,1720292635
100,1.0,99999,1000000000,1.0,99999,100,0,0.0,16,5,1720287978
100,1.0,99999,1000000000,1.0,99999,10000,0,0.0,1,1,28697086890
100,1.0,99999,1000000000,1.0,99999,10000,0,0.0,1,2,28651329871
100,1.0,99999,1000000000,1.0,99999,10000,0,0.0,1,3,28637568180
100,1.0,99999,1000000000,1.0,99999,10000,0,0.0,1,4,28620602275
100,1.0,99999,1000000000,1.0,99999,10000,0,0.0,1,5,28661753056
100,1.0,99999,1000000000,1.0,99999,10000,0,0.0,2,1,33148377942
100,1.0,99999,1000000000,1.0,99999,10000,0,0.0,2,2,33126732976
100,1.0,99999,1000000000,1.0,99999,10000,0,0.0,2,3,33327958630
100,1.0,99999,1000000000,1.0,99999,10000,0,0.0,2,4,33252239130
100,1.0,99999,1000000000,1.0,99999,10000,0,0.0,2,5,33117274099
100,1.0,99999,1000000000,1.0,99999,10000,0,0.0,4,1,17497616131
100,1.0,99999,1000000000,1.0,99999,10000,0,0.0,4,2,17382498921
100,1.0,99999,1000000000,1.0,99999,10000,0,0.0,4,3,17443231130
100,1.0,99999,1000000000,1.0,99999,10000,0,0.0,4,4,17408360140
100,1.0,99999,1000000000,1.0,99999,10000,0,0.0,4,5,17338890120
100,1.0,99999,1000000000,1.0,99999,10000,0,0.0,8,1,9324371041
100,1.0,99999,1000000000,1.0,99999,10000,0,0.0,8,2,9267468165
100,1.0,99999,1000000000,1.0,99999,10000,0,0.0,8,3,9196261330
100,1.0,99999,1000000000,1.0,99999,10000,0,0.0,8,4,9315684002
100,1.0,99999,1000000000,1.0,99999,10000,0,0.0,8,5,9256216510
100,1.0,99999,1000000000,1.0,99999,10000,0,0.0,16,1,7287448507
100,1.0,99999,1000000000,1.0,99999,10000,0,0.0,16,2,7240248751
100,1.0,99999,1000000000,1.0,99999,10000,0,0.0,16,3,7273175256
100,1.0,99999,1000000000,1.0,99999,10000,0,0.0,16,4,7279826273
100,1.0,99999,1000000000,1.0,99999,10000,0,0.0,16,5,7262119177
100,1.0,99999,1000000000,1.0,99999,1000000,0,0.0,1,1,67549837450
100,1.0,99999,1000000000,1.0,99999,1000000,0,0.0,1,2,68365615789
100,1.0,99999,1000000000,1.0,99999,1000000,0,0.0,1,3,67626206005
100,1.0,99999,1000000000,1.0,99999,1000000,0,0.0,1,4,67204465275
100,1.0,99999,1000000000,1.0,99999,1000000,0,0.0,1,5,68149875786
100,1.0,99999,1000000000,1.0,99999,1000000,0,0.0,2,1,35410320458
100,1.0,99999,1000000000,1.0,99999,1000000,0,0.0,2,2,35129210562
100,1.0,99999,1000000000,1.0,99999,1000000,0,0.0,2,3,35035969067
100,1.0,99999,1000000000,1.0,99999,1000000,0,0.0,2,4,35088823794
100,1.0,99999,1000000000,1.0,99999,1000000,0,0.0,2,5,35125316130
100,1.0,99999,1000000000,1.0,99999,1000000,0,0.0,4,1,18184305108
100,1.0,99999,1000000000,1.0,99999,1000000,0,0.0,4,2,18393411841
100,1.0,99999,1000000000,1.0,99999,1000000,0,0.0,4,3,18464708644
100,1.0,99999,1000000000,1.0,99999,1000000,0,0.0,4,4,18392296580
100,1.0,99999,1000000000,1.0,99999,1000000,0,0.0,4,5,18428994405
100,1.0,99999,1000000000,1.0,99999,1000000,0,0.0,8,1,10092945842
100,1.0,99999,1000000000,1.0,99999,1000000,0,0.0,8,2,9931920546
100,1.0,99999,1000000000,1.0,99999,1000000,0,0.0,8,3,9990788942
100,1.0,99999,1000000000,1.0,99999,1000000,0,0.0,8,4,9936979718
100,1.0,99999,1000000000,1.0,99999,1000000,0,0.0,8,5,9957533537
100,1.0,99999,1000000000,1.0,99999,1000000,0,0.0,16,1,8193546961
100,1.0,99999,1000000000,1.0,99999,1000000,0,0.0,16,2,8197506172
100,1.0,99999,1000000000,1.0,99999,1000000,0,0.0,16,3,8240107044
100,1.0,99999,1000000000,1.0,99999,1000000,0,0.0,16,4,8171234711
100,1.0,99999,1000000000,1.0,99999,1000000,0,0.0,16,5,8176212611
100,1.0,99999,1000000000,1.0,99999,100000000,0,0.0,1,1,79870405627
100,1.0,99999,1000000000,1.0,99999,100000000,0,0.0,1,2,78890613396
100,1.0,99999,1000000000,1.0,99999,100000000,0,0.0,1,3,78790807899
100,1.0,99999,1000000000,1.0,99999,100000000,0,0.0,1,4,78821024728
100,1.0,99999,1000000000,1.0,99999,100000000,0,0.0,1,5,78922297121
100,1.0,99999,1000000000,1.0,99999,100000000,0,0.0,2,1,39004992698
100,1.0,99999,1000000000,1.0,99999,100000000,0,0.0,2,2,39426787119
100,1.0,99999,1000000000,1.0,99999,100000000,0,0.0,2,3,39006923350
100,1.0,99999,1000000000,1.0,99999,100000000,0,0.0,2,4,39506153780
100,1.0,99999,1000000000,1.0,99999,100000000,0,0.0,2,5,39062402389
100,1.0,99999,1000000000,1.0,99999,100000000,0,0.0,4,1,20349866519
100,1.0,99999,1000000000,1.0,99999,100000000,0,0.0,4,2,20473645333
100,1.0,99999,1000000000,1.0,99999,100000000,0,0.0,4,3,20473167677
100,1.0,99999,1000000000,1.0,99999,100000000,0,0.0,4,4,20472154452
100,1.0,99999,1000000000,1.0,99999,100000000,0,0.0,4,5,20558212310
100,1.0,99999,1000000000,1.0,99999,100000000,0,0.0,8,1,11192335334
100,1.0,99999,1000000000,1.0,99999,100000000,0,0.0,8,2,11279851386
100,1.0,99999,1000000000,1.0,99999,100000000,0,0.0,8,3,11196730639
100,1.0,99999,1000000000,1.0,99999,100000000,0,0.0,8,4,11196480702
100,1.0,99999,1000000000,1.0,99999,100000000,0,0.0,8,5,11214151788
100,1.0,99999,1000000000,1.0,99999,100000000,0,0.0,16,1,9220900933
100,1.0,99999,1000000000,1.0,99999,100000000,0,0.0,16,2,9214344686
100,1.0,99999,1000000000,1.0,99999,100000000,0,0.0,16,3,9235270516
100,1.0,99999,1000000000,1.0,99999,100000000,0,0.0,16,4,9217585238
100,1.0,99999,1000000000,1.0,99999,100000000,0,0.0,16,5,9223744947
100,1.0,99999,1000000000,1.0,99999,100000000,100,0.5,1,1,58836714645
100,1.0,99999,1000000000,1.0,99999,100000000,100,0.5,1,2,59698107530
100,1.0,99999,1000000000,1.0,99999,100000000,100,0.5,1,3,58696888749
100,1.0,99999,1000000000,1.0,99999,100000000,100,0.5,1,4,58763309302
100,1.0,99999,1000000000,1.0,99999,100000000,100,0.5,1,5,59527454010
100,1.0,99999,1000000000,1.0,99999,100000000,100,0.5,2,1,29591875387
100,1.0,99999,1000000000,1.0,99999,100000000,100,0.5,2,2,29942701911
100,1.0,99999,1000000000,1.0,99999,100000000,100,0.5,2,3,29993105219
100,1.0,99999,1000000000,1.0,99999,100000000,100,0.5,2,4,29573429833
100,1.0,99999,1000000000,1.0,99999,100000000,100,0.5,2,5,29554549815
100,1.0,99999,1000000000,1.0,99999,100000000,100,0.5,4,1,15546705696
100,1.0,99999,1000000000,1.0,99999,100000000,100,0.5,4,2,15413041185
100,1.0,99999,1000000000,1.0,99999,100000000,100,0.5,4,3,15415174227
100,1.0,99999,1000000000,1.0,99999,100000000,100,0.5,4,4,15673655853
100,1.0,99999,1000000000,1.0,99999,100000000,100,0.5,4,5,15458511712
100,1.0,99999,1000000000,1.0,99999,100000000,100,0.5,8,1,8473757851
100,1.0,99999,1000000000,1.0,99999,100000000,100,0.5,8,2,8500471163
100,1.0,99999,1000000000,1.0,99999,100000000,100,0.5,8,3,8443445112
100,1.0,99999,1000000000,1.0,99999,100000000,100,0.5,8,4,8443279934
100,1.0,99999,1000000000,1.0,99999,100000000,100,0.5,8,5,8412149204
100,1.0,99999,1000000000,1.0,99999,100000000,100,0.5,16,1,6655206660
100,1.0,99999,1000000000,1.0,99999,100000000,100,0.5,16,2,6635130327
100,1.0,99999,1000000000,1.0,99999,100000000,100,0.5,16,3,6671712672
100,1.0,99999,1000000000,1.0,99999,100000000,100,0.5,16,4,6649525283
100,1.0,99999,1000000000,1.0,99999,100000000,100,0.5,16,5,6643233355
100,1.0,99999,1000000000,1.0,99999,100000000,100,1.0,1,1,29372958394
100,1.0,99999,1000000000,1.0,99999,100000000,100,1.0,1,2,28931355682
100,1.0,99999,1000000000,1.0,99999,100000000,100,1.0,1,3,28940751890
100,1.0,99999,1000000000,1.0,99999,100000000,100,1.0,1,4,28892307173
100,1.0,99999,1000000000,1.0,99999,100000000,100,1.0,1,5,28862226084
100,1.0,99999,1000000000,1.0,99999,100000000,100,1.0,2,1,15584718987
100,1.0,99999,1000000000,1.0,99999,100000000,100,1.0,2,2,15663045370
100,1.0,99999,1000000000,1.0,99999,100000000,100,1.0,2,3,15727445120
100,1.0,99999,1000000000,1.0,99999,100000000,100,1.0,2,4,15664036933
100,1.0,99999,1000000000,1.0,99999,100000000,100,1.0,2,5,15700430171
100,1.0,99999,1000000000,1.0,99999,100000000,100,1.0,4,1,8264062085
100,1.0,99999,1000000000,1.0,99999,100000000,100,1.0,4,2,8255978965
100,1.0,99999,1000000000,1.0,99999,100000000,100,1.0,4,3,8223054907
100,1.0,99999,1000000000,1.0,99999,100000000,100,1.0,4,4,8327088665
100,1.0,99999,1000000000,1.0,99999,100000000,100,1.0,4,5,8248404462
100,1.0,99999,1000000000,1.0,99999,100000000,100,1.0,8,1,4788731395
100,1.0,99999,1000000000,1.0,99999,100000000,100,1.0,8,2,4717703868
100,1.0,99999,1000000000,1.0,99999,100000000,100,1.0,8,3,4752433586
100,1.0,99999,1000000000,1.0,99999,100000000,100,1.0,8,4,4862692400
100,1.0,99999,1000000000,1.0,99999,100000000,100,1.0,8,5,4754524097
100,1.0,99999,1000000000,1.0,99999,100000000,100,1.0,16,1,3462365574
100,1.0,99999,1000000000,1.0,99999,100000000,100,1.0,16,2,3425461077
100,1.0,99999,1000000000,1.0,99999,100000000,100,1.0,16,3,3425696632
100,1.0,99999,1000000000,1.0,99999,100000000,100,1.0,16,4,3437139840
100,1.0,99999,1000000000,1.0,99999,100000000,100,1.0,16,5,3442563476
100,1.0,99999,1000000000,1.0,99999,100000000,10000,1.0,1,1,38628520419
100,1.0,99999,1000000000,1.0,99999,100000000,10000,1.0,1,2,38618641972
100,1.0,99999,1000000000,1.0,99999,100000000,10000,1.0,1,3,38648569121
100,1.0,99999,1000000000,1.0,99999,100000000,10000,1.0,1,4,38633052128
100,1.0,99999,1000000000,1.0,99999,100000000,10000,1.0,1,5,38670037491
100,1.0,99999,1000000000,1.0,99999,100000000,10000,1.0,2,1,27887984131
100,1.0,99999,1000000000,1.0,99999,100000000,10000,1.0,2,2,27888177667
100,1.0,99999,1000000000,1.0,99999,100000000,10000,1.0,2,3,27845445865
100,1.0,99999,1000000000,1.0,99999,100000000,10000,1.0,2,4,27833730804
100,1.0,99999,1000000000,1.0,99999,100000000,10000,1.0,2,5,28088313444
100,1.0,99999,1000000000,1.0,99999,100000000,10000,1.0,4,1,14514709463
100,1.0,99999,1000000000,1.0,99999,100000000,10000,1.0,4,2,14573911708
100,1.0,99999,1000000000,1.0,99999,100000000,10000,1.0,4,3,14533781250
100,1.0,99999,1000000000,1.0,99999,100000000,10000,1.0,4,4,14639378050
100,1.0,99999,1000000000,1.0,99999,100000000,10000,1.0,4,5,14502985507
100,1.0,99999,1000000000,1.0,99999,100000000,10000,1.0,8,1,7965752852
100,1.0,99999,1000000000,1.0,99999,100000000,10000,1.0,8,2,7973110800
100,1.0,99999,1000000000,1.0,99999,100000000,10000,1.0,8,3,7902509348
100,1.0,99999,1000000000,1.0,99999,100000000,10000,1.0,8,4,7924555074
100,1.0,99999,1000000000,1.0,99999,100000000,10000,1.0,8,5,7938266517
100,1.0,99999,1000000000,1.0,99999,100000000,10000,1.0,16,1,6132920374
100,1.0,99999,1000000000,1.0,99999,100000000,10000,1.0,16,2,6104648173
100,1.0,99999,1000000000,1.0,99999,100000000,10000,1.0,16,3,6078248002
100,1.0,99999,1000000000,1.0,99999,100000000,10000,1.0,16,4,6113765860
100,1.0,99999,1000000000,1.0,99999,100000000,10000,1.0,16,5,6132261211
100000,1.0,99999,1000000000,1.0,99999,100,0,0.0,1,1,16268022470
100000,1.0,99999,1000000000,1.0,99999,100,0,0.0,1,2,16193649269
100000,1.0,99999,1000000000,1.0,99999,100,0,0.0,1,3,16442900965
100000,1.0,99999,1000000000,1.0,99999,100,0,0.0,1,4,16269086454
100000,1.0,99999,1000000000,1.0,99999,100,0,0.0,1,5,16192093348
100000,1.0,99999,1000000000,1.0,99999,100,0,0.0,2,1,10290620859
100000,1.0,99999,1000000000,1.0,99999,100,0,0.0,2,2,10401081908
100000,1.0,99999,1000000000,1.0,99999,100,0,0.0,2,3,10307169297
100000,1.0,99999,1000000000,1.0,99999,100,0,0.0,2,4,10288421243
100000,1.0,99999,1000000000,1.0,99999,100,0,0.0,2,5,10367522318
100000,1.0,99999,1000000000,1.0,99999,100,0,0.0,4,1,5306871070
100000,1.0,99999,1000000000,1.0,99999,100,0,0.0,4,2,5373411461
100000,1.0,99999,1000000000,1.0,99999,100,0,0.0,4,3,5298956713
100000,1.0,99999,1000000000,1.0,99999,100,0,0.0,4,4,5371561383
100000,1.0,99999,1000000000,1.0,99999,100,0,0.0,4,5,5384413643
100000,1.0,99999,1000000000,1.0,99999,100,0,0.0,8,1,2888057184
100000,1.0,99999,1000000000,1.0,99999,100,0,0.0,8,2,2883597246
100000,1.0,99999,1000000000,1.0,99999,100,0,0.0,8,3,2878444671
100000,1.0,99999,1000000000,1.0,99999,100,0,0.0,8,4,2896672701
100000,1.0,99999,1000000000,1.0,99999,100,0,0.0,8,5,3079860800
100000,1.0,99999,1000000000,1.0,99999,100,0,0.0,16,1,2245716630
100000,1.0,99999,1000000000,1.0,99999,100,0,0.0,16,2,2249607477
100000,1.0,99999,1000000000,1.0,99999,100,0,0.0,16,3,2234234812
100000,1.0,99999,1000000000,1.0,99999,100,0,0.0,16,4,2228985644
100000,1.0,99999,1000000000,1.0,99999,100,0,0.0,16,5,2238177799
100000,1.0,99999,1000000000,1.0,99999,10000,0,0.0,1,1,33042177245
100000,1.0,99999,1000000000,1.0,99999,10000,0,0.0,1,2,33908397504
100000,1.0,99999,1000000000,1.0,99999,10000,0,0.0,1,3,33922045747
100000,1.0,99999,1000000000,1.0,99999,10000,0,0.0,1,4,33953173935
100000,1.0,99999,1000000000,1.0,99999,10000,0,0.0,1,5,33937250967
100000,1.0,99999,1000000000,1.0,99999,10000,0,0.0,2,1,34024123124
100000,1.0,99999,1000000000,1.0,99999,10000,0,0.0,2,2,34009149699
100000,1.0,99999,1000000000,1.0,99999,10000,0,0.0,2,3,34147722110
100000,1.0,99999,1000000000,1.0,99999,10000,0,0.0,2,4,34050833148
100000,1.0,99999,1000000000,1.0,99999,10000,0,0.0,2,5,33989451891
100000,1.0,99999,1000000000,1.0,99999,10000,0,0.0,4,1,17901585132
100000,1.0,99999,1000000000,1.0,99999,10000,0,0.0,4,2,17736693537
100000,1.0,99999,1000000000,1.0,99999,10000,0,0.0,4,3,17811156418
100000,1.0,99999,1000000000,1.0,99999,10000,0,0.0,4,4,17812451594
100000,1.0,99999,1000000000,1.0,99999,10000,0,0.0,4,5,17764368704
100000,1.0,99999,1000000000,1.0,99999,10000,0,0.0,8,1,9492818033
100000,1.0,99999,1000000000,1.0,99999,10000,0,0.0,8,2,9615942258
100000,1.0,99999,1000000000,1.0,99999,10000,0,0.0,8,3,9561929702
100000,1.0,99999,1000000000,1.0,99999,10000,0,0.0,8,4,9506065052
100000,1.0,99999,1000000000,1.0,99999,10000,0,0.0,8,5,9615754903
100000,1.0,99999,1000000000,1.0,99999,10000,0,0.0,16,1,7459756683
100000,1.0,99999,1000000000,1.0,99999,10000,0,0.0,16,2,7484502803
100000,1.0,99999,1000000000,1.0,99999,10000,0,0.0,16,3,7485786253
100000,1.0,99999,1000000000,1.0,99999,10000,0,0.0,16,4,7462758570
100000,1.0,99999,1000000000,1.0,99999,10000,0,0.0,16,5,7462046364
100000,1.0,99999,1000000000,1.0,99999,1000000,0,0.0,1,1,69975397319
100000,1.0,99999,1000000000,1.0,99999,1000000,0,0.0,1,2,69490993978
100000,1.0,99999,1000000000,1.0,99999,1000000,0,0.0,1,3,69844158760
100000,1.0,99999,1000000000,1.0,99999,1000000,0,0.0,1,4,70384176552
100000,1.0,99999,1000000000,1.0,99999,1000000,0,0.0,1,5,69650011931
100000,1.0,99999,1000000000,1.0,99999,1000000,0,0.0,2,1,35872565955
100000,1.0,99999,1000000000,1.0,99999,1000000,0,0.0,2,2,35550536775
100000,1.0,99999,1000000000,1.0,99999,1000000,0,0.0,2,3,35940716183
100000,1.0,99999,1000000000,1.0,99999,1000000,0,0.0,2,4,35558914032
100000,1.0,99999,1000000000,1.0,99999,1000000,0,0.0,2,5,35709563127
100000,1.0,99999,1000000000,1.0,99999,1000000,0,0.0,4,1,18589214355
100000,1.0,99999,1000000000,1.0,99999,1000000,0,0.0,4,2,18775631943
100000,1.0,99999,1000000000,1.0,99999,1000000,0,0.0,4,3,18759788379
100000,1.0,99999,1000000000,1.0,99999,1000000,0,0.0,4,4,18978039258
100000,1.0,99999,1000000000,1.0,99999,1000000,0,0.0,4,5,18582502476
100000,1.0,99999,1000000000,1.0,99999,1000000,0,0.0,8,1,10379836020
100000,1.0,99999,1000000000,1.0,99999,1000000,0,0.0,8,2,10401713642
100000,1.0,99999,1000000000,1.0,99999,1000000,0,0.0,8,3,10400741803
100000,1.0,99999,1000000000,1.0,99999,1000000,0,0.0,8,4,10274192287
100000,1.0,99999,1000000000,1.0,99999,1000000,0,0.0,8,5,10242555547
100000,1.0,99999,1000000000,1.0,99999,1000000,0,0.0,16,1,8603463743
100000,1.0,99999,1000000000,1.0,99999,1000000,0,0.0,16,2,8507807934
100000,1.0,99999,1000000000,1.0,99999,1000000,0,0.0,16,3,8519114560
100000,1.0,99999,1000000000,1.0,99999,1000000,0,0.0,16,4,8544069963
100000,1.0,99999,1000000000,1.0,99999,1000000,0,0.0,16,5,8537323613
100000,1.0,99999,1000000000,1.0,99999,100000000,0,0.0,1,1,81527660876
100000,1.0,99999,1000000000,1.0,99999,100000000,0,0.0,1,2,81648792960
100000,1.0,99999,1000000000,1.0,99999,100000000,0,0.0,1,3,80319307315
100000,1.0,99999,1000000000,1.0,99999,100000000,0,0.0,1,4,80620036343
100000,1.0,99999,1000000000,1.0,99999,100000000,0,0.0,1,5,80719871310
100000,1.0,99999,1000000000,1.0,99999,100000000,0,0.0,2,1,40126376690
100000,1.0,99999,1000000000,1.0,99999,100000000,0,0.0,2,2,39652931241
100000,1.0,99999,1000000000,1.0,99999,100000000,0,0.0,2,3,39680189272
100000,1.0,99999,1000000000,1.0,99999,100000000,0,0.0,2,4,40120241825
100000,1.0,99999,1000000000,1.0,99999,100000000,0,0.0,2,5,39649722916
100000,1.0,99999,1000000000,1.0,99999,100000000,0,0.0,4,1,20625598424
100000,1.0,99999,1000000000,1.0,99999,100000000,0,0.0,4,2,20863538631
100000,1.0,99999,1000000000,1.0,99999,100000000,0,0.0,4,3,20648777265
100000,1.0,99999,1000000000,1.0,99999,100000000,0,0.0,4,4,20656055549
100000,1.0,99999,1000000000,1.0,99999,100000000,0,0.0,4,5,20615612857
100000,1.0,99999,1000000000,1.0,99999,100000000,0,0.0,8,1,11675546519
100000,1.0,99999,1000000000,1.0,99999,100000000,0,0.0,8,2,11498633972
100000,1.0,99999,1000000000,1.0,99999,100000000,0,0.0,8,3,11483746102
100000,1.0,99999,1000000000,1.0,99999,100000000,0,0.0,8,4,11579797186
100000,1.0,99999,1000000000,1.0,99999,100000000,0,0.0,8,5,11510289184
100000,1.0,99999,1000000000,1.0,99999,100000000,0,0.0,16,1,9529956987
100000,1.0,99999,1000000000,1.0,99999,100000000,0,0.0,16,2,9528206614
100000,1.0,99999,1000000000,1.0,99999,100000000,0,0.0,16,3,9531492243
100000,1.0,99999,1000000000,1.0,99999,100000000,0,0.0,16,4,9586694681
100000,1.0,99999,1000000000,1.0,99999,100000000,0,0.0,16,5,9534913234
100000,1.0,99999,1000000000,1.0,99999,100000000,100,0.5,1,1,61902929982
100000,1.0,99999,1000000000,1.0,99999,100000000,100,0.5,1,2,61963398381
100000,1.0,99999,1000000000,1.0,99999,100000000,100,0.5,1,3,62713778841
100000,1.0,99999,1000000000,1.0,99999,100000000,100,0.5,1,4,61984363399
100000,1.0,99999,1000000000,1.0,99999,100000000,100,0.5,1,5,61946288599
100000,1.0,99999,1000000000,1.0,99999,100000000,100,0.5,2,1,31237124344
100000,1.0,99999,1000000000,1.0,99999,100000000,100,0.5,2,2,30865408024
100000,1.0,99999,1000000000,1.0,99999,100000000,100,0.5,2,3,30865145841
100000,1.0,99999,1000000000,1.0,99999,100000000,100,0.5,2,4,30841679582
100000,1.0,99999,1000000000,1.0,99999,100000000,100,0.5,2,5,30904991967
100000,1.0,99999,1000000000,1.0,99999,100000000,100,0.5,4,1,16032925372
100000,1.0,99999,1000000000,1.0,99999,100000000,100,0.5,4,2,16143788388
100000,1.0,99999,1000000000,1.0,99999,100000000,100,0.5,4,3,16030572682
100000,1.0,99999,1000000000,1.0,99999,100000000,100,0.5,4,4,16005033787
100000,1.0,99999,1000000000,1.0,99999,100000000,100,0.5,4,5,16019305561
100000,1.0,99999,1000000000,1.0,99999,100000000,100,0.5,8,1,8834807432
100000,1.0,99999,1000000000,1.0,99999,100000000,100,0.5,8,2,8778017748
100000,1.0,99999,1000000000,1.0,99999,100000000,100,0.5,8,3,8766797764
100000,1.0,99999,1000000000,1.0,99999,100000000,100,0.5,8,4,8838455061
100000,1.0,99999,1000000000,1.0,99999,100000000,100,0.5,8,5,8763887350
100000,1.0,99999,1000000000,1.0,99999,100000000,100,0.5,16,1,6963659413
100000,1.0,99999,1000000000,1.0,99999,100000000,100,0.5,16,2,6952233378
100000,1.0,99999,1000000000,1.0,99999,100000000,100,0.5,16,3,6933259965
100000,1.0,99999,1000000000,1.0,99999,100000000,100,0.5,16,4,6944504482
100000,1.0,99999,1000000000,1.0,99999,100000000,100,0.5,16,5,6949758912
100000,1.0,99999,1000000000,1.0,99999,100000000,100,1.0,1,1,30618966459
100000,1.0,99999,1000000000,1.0,99999,100000000,100,1.0,1,2,30928726252
100000,1.0,99999,1000000000,1.0,99999,100000000,100,1.0,1,3,30596160891
100000,1.0,99999,1000000000,1.0,99999,100000000,100,1.0,1,4,30565185805
100000,1.0,99999,1000000000,1.0,99999,100000000,100,1.0,1,5,30557192078
100000,1.0,99999,1000000000,1.0,99999,100000000,100,1.0,2,1,16051643442
100000,1.0,99999,1000000000,1.0,99999,100000000,100,1.0,2,2,16294747419
100000,1.0,99999,1000000000,1.0,99999,100000000,100,1.0,2,3,16123471714
100000,1.0,99999,1000000000,1.0,99999,100000000,100,1.0,2,4,16120550360
100000,1.0,99999,1000000000,1.0,99999,100000000,100,1.0,2,5,16111483739
100000,1.0,99999,1000000000,1.0,99999,100000000,100,1.0,4,1,8460369354
100000,1.0,99999,1000000000,1.0,99999,100000000,100,1.0,4,2,8540473079
100000,1.0,99999,1000000000,1.0,99999,100000000,100,1.0,4,3,8479197986
100000,1.0,99999,1000000000,1.0,99999,100000000,100,1.0,4,4,8488206039
100000,1.0,99999,1000000000,1.0,99999,100000000,100,1.0,4,5,8485507638
100000,1.0,99999,1000000000,1.0,99999,100000000,100,1.0,8,1,4883515921
100000,1.0,99999,1000000000,1.0,99999,100000000,100,1.0,8,2,4852959442
100000,1.0,99999,1000000000,1.0,99999,100000000,100,1.0,8,3,4888411971
100000,1.0,99999,1000000000,1.0,99999,100000000,100,1.0,8,4,4958760864
100000,1.0,99999,1000000000,1.0,99999,100000000,100,1.0,8,5,4847105394
100000,1.0,99999,1000000000,1.0,99999,100000000,100,1.0,16,1,3683667682
100000,1.0,99999,1000000000,1.0,99999,100000000,100,1.0,16,2,3645103936
100000,1.0,99999,1000000000,1.0,99999,100000000,100,1.0,16,3,3688577195
100000,1.0,99999,1000000000,1.0,99999,100000000,100,1.0,16,4,3662950574
100000,1.0,99999,1000000000,1.0,99999,100000000,100,1.0,16,5,3663871041
100000,1.0,99999,1000000000,1.0,99999,100000000,10000,1.0,1,1,42683141193
100000,1.0,99999,1000000000,1.0,99999,100000000,10000,1.0,1,2,42418855179
100000,1.0,99999,1000000000,1.0,99999,100000000,10000,1.0,1,3,42470060461
100000,1.0,99999,1000000000,1.0,99999,100000000,10000,1.0,1,4,42504414190
100000,1.0,99999,1000000000,1.0,99999,100000000,10000,1.0,1,5,42403096856
100000,1.0,99999,1000000000,1.0,99999,100000000,10000,1.0,2,1,29083006786
100000,1.0,99999,1000000000,1.0,99999,100000000,10000,1.0,2,2,29070673844
100000,1.0,99999,1000000000,1.0,99999,100000000,10000,1.0,2,3,29041875741
100000,1.0,99999,1000000000,1.0,99999,100000000,10000,1.0,2,4,29069164034
100000,1.0,99999,1000000000,1.0,99999,100000000,10000,1.0,2,5,29076026369
100000,1.0,99999,1000000000,1.0,99999,100000000,10000,1.0,4,1,15219929057
100000,1.0,99999,1000000000,1.0,99999,100000000,10000,1.0,4,2,15125842660
100000,1.0,99999,1000000000,1.0,99999,100000000,10000,1.0,4,3,15225106711
100000,1.0,99999,1000000000,1.0,99999,100000000,10000,1.0,4,4,15092213038
100000,1.0,99999,1000000000,1.0,99999,100000000,10000,1.0,4,5,15077634348
100000,1.0,99999,1000000000,1.0,99999,100000000,10000,1.0,8,1,8239042607
100000,1.0,99999,1000000000,1.0,99999,100000000,10000,1.0,8,2,8242959734
100000,1.0,99999,1000000000,1.0,99999,100000000,10000,1.0,8,3,8234033599
100000,1.0,99999,1000000000,1.0,99999,100000000,10000,1.0,8,4,8306984429
100000,1.0,99999,1000000000,1.0,99999,100000000,10000,1.0,8,5,8225219640
100000,1.0,99999,1000000000,1.0,99999,100000000,10000,1.0,16,1,6387959849
100000,1.0,99999,1000000000,1.0,99999,100000000,10000,1.0,16,2,6403841030
100000,1.0,99999,1000000000,1.0,99999,100000000,10000,1.0,16,3,6371638639
100000,1.0,99999,1000000000,1.0,99999,100000000,10000,1.0,16,4,6372148967
100000,1.0,99999,1000000000,1.0,99999,100000000,10000,1.0,16,5,6415051397
100000000,1.0,99999,1000000000,1.0,99999,100,0,0.0,1,1,40258377016
100000000,1.0,99999,1000000000,1.0,99999,100,0,0.0,1,2,40313796744
100000000,1.0,99999,1000000000,1.0,99999,100,0,0.0,1,3,40816319789
100000000,1.0,99999,1000000000,1.0,99999,100,0,0.0,1,4,40303940260
100000000,1.0,99999,1000000000,1.0,99999,100,0,0.0,1,5,40272188465
100000000,1.0,99999,1000000000,1.0,99999,100,0,0.0,2,1,20445604262
100000000,1.0,99999,1000000000,1.0,99999,100,0,0.0,2,2,20545395423
100000000,1.0,99999,1000000000,1.0,99999,100,0,0.0,2,3,20454672688
100000000,1.0,99999,1000000000,1.0,99999,100,0,0.0,2,4,20451347506
100000000,1.0,99999,1000000000,1.0,99999,100,0,0.0,2,5,20455166317
100000000,1.0,99999,1000000000,1.0,99999,100,0,0.0,4,1,10727148190
100000000,1.0,99999,1000000000,1.0,99999,100,0,0.0,4,2,10718265545
100000000,1.0,99999,1000000000,1.0,99999,100,0,0.0,4,3,10709125910
100000000,1.0,99999,1000000000,1.0,99999,100,0,0.0,4,4,10713320623
100000000,1.0,99999,1000000000,1.0,99999,100,0,0.0,4,5,10855544741
100000000,1.0,99999,1000000000,1.0,99999,100,0,0.0,8,1,6301021710
100000000,1.0,99999,1000000000,1.0,99999,100,0,0.0,8,2,6164080480
100000000,1.0,99999,1000000000,1.0,99999,100,0,0.0,8,3,6115650332
100000000,1.0,99999,1000000000,1.0,99999,100,0,0.0,8,4,6106617236
100000000,1.0,99999,1000000000,1.0,99999,100,0,0.0,8,5,6129746448
100000000,1.0,99999,1000000000,1.0,99999,100,0,0.0,16,1,5266586242
100000000,1.0,99999,1000000000,1.0,99999,100,0,0.0,16,2,5224486450
100000000,1.0,99999,1000000000,1.0,99999,100,0,0.0,16,3,5230533399
100000000,1.0,99999,1000000000,1.0,99999,100,0,0.0,16,4,5221286115
100000000,1.0,99999,1000000000,1.0,99999,100,0,0.0,16,5,5219403494
100000000,1.0,99999,1000000000,1.0,99999,10000,0,0.0,1,1,61689728139
100000000,1.0,99999,1000000000,1.0,99999,10000,0,0.0,1,2,61667810592
100000000,1.0,99999,1000000000,1.0,99999,10000,0,0.0,1,3,62539338194
100000000,1.0,99999,1000000000,1.0,99999,10000,0,0.0,1,4,61658568129
100000000,1.0,99999,1000000000,1.0,99999,10000,0,0.0,1,5,61864077416
100000000,1.0,99999,1000000000,1.0,99999,10000,0,0.0,2,1,41270710051
100000000,1.0,99999,1000000000,1.0,99999,10000,0,0.0,2,2,41366636708
100000000,1.0,99999,1000000000,1.0,99999,10000,0,0.0,2,3,41228407669
100000000,1.0,99999,1000000000,1.0,99999,10000,0,0.0,2,4,41094199730
100000000,1.0,99999,1000000000,1.0,99999,10000,0,0.0,2,5,41233628240
100000000,1.0,99999,1000000000,1.0,99999,10000,0,0.0,4,1,21581379938
100000000,1.0,99999,1000000000,1.0,99999,10000,0,0.0,4,2,21685363313
100000000,1.0,99999,1000000000,1.0,99999,10000,0,0.0,4,3,21546682828
100000000,1.0,99999,1000000000,1.0,99999,10000,0,0.0,4,4,21746466048
100000000,1.0,99999,1000000000,1.0,99999,10000,0,0.0,4,5,21651260025
100000000,1.0,99999,1000000000,1.0,99999,10000,0,0.0,8,1,12012436592
100000000,1.0,99999,1000000000,1.0,99999,10000,0,0.0,8,2,12131146422
100000000,1.0,99999,1000000000,1.0,99999,10000,0,0.0,8,3,12028937098
100000000,1.0,99999,1000000000,1.0,99999,10000,0,0.0,8,4,12076797024
100000000,1.0,99999,1000000000,1.0,99999,10000,0,0.0,8,5,12050292761
100000000,1.0,99999,1000000000,1.0,99999,10000,0,0.0,16,1,9815411388
100000000,1.0,99999,1000000000,1.0,99999,10000,0,0.0,16,2,9787339484
100000000,1.0,99999,1000000000,1.0,99999,10000,0,0.0,16,3,9777916986
100000000,1.0,99999,1000000000,1.0,99999,10000,0,0.0,16,4,9762186784
100000000,1.0,99999,1000000000,1.0,99999,10000,0,0.0,16,5,9770335947
100000000,1.0,99999,1000000000,1.0,99999,1000000,0,0.0,1,1,80945203022
100000000,1.0,99999,1000000000,1.0,99999,1000000,0,0.0,1,2,80849043813
100000000,1.0,99999,1000000000,1.0,99999,1000000,0,0.0,1,3,81007809168
100000000,1.0,99999,1000000000,1.0,99999,1000000,0,0.0,1,4,80949526204
100000000,1.0,99999,1000000000,1.0,99999,1000000,0,0.0,1,5,80884208236
100000000,1.0,99999,1000000000,1.0,99999,1000000,0,0.0,2,1,41336482594
100000000,1.0,99999,1000000000,1.0,99999,1000000,0,0.0,2,2,41529636839
100000000,1.0,99999,1000000000,1.0,99999,1000000,0,0.0,2,3,41794069127
100000000,1.0,99999,1000000000,1.0,99999,1000000,0,0.0,2,4,41315629322
100000000,1.0,99999,1000000000,1.0,99999,1000000,0,0.0,2,5,41813372305
100000000,1.0,99999,1000000000,1.0,99999,1000000,0,0.0,4,1,21850784395
100000000,1.0,99999,1000000000,1.0,99999,1000000,0,0.0,4,2,22117918162
100000000,1.0,99999,1000000000,1.0,99999,1000000,0,0.0,4,3,21975119715
100000000,1.0,99999,1000000000,1.0,99999,1000000,0,0.0,4,4,21835468722
100000000,1.0,99999,1000000000,1.0,99999,1000000,0,0.0,4,5,21881832240
100000000,1.0,99999,1000000000,1.0,99999,1000000,0,0.0,8,1,12656908675
100000000,1.0,99999,1000000000,1.0,99999,1000000,0,0.0,8,2,12687630616
100000000,1.0,99999,1000000000,1.0,99999,1000000,0,0.0,8,3,12596363995
100000000,1.0,99999,1000000000,1.0,99999,1000000,0,0.0,8,4,12706138740
100000000,1.0,99999,1000000000,1.0,99999,1000000,0,0.0,8,5,12592020041
100000000,1.0,99999,1000000000,1.0,99999,1000000,0,0.0,16,1,10903164418
100000000,1.0,99999,1000000000,1.0,99999,1000000,0,0.0,16,2,10879269218
100000000,1.0,99999,1000000000,1.0,99999,1000000,0,0.0,16,3,10890638536
100000000,1.0,99999,1000000000,1.0,99999,1000000,0,0.0,16,4,10877911659
100000000,1.0,99999,1000000000,1.0,99999,1000000,0,0.0,16,5,10878774544
100000000,1.0,99999,1000000000,1.0,99999,100000000,0,0.0,1,1,89018252749
100000000,1.0,99999,1000000000,1.0,99999,100000000,0,0.0,1,2,88933675066
100000000,1.0,99999,1000000000,1.0,99999,100000000,0,0.0,1,3,89078634408
100000000,1.0,99999,1000000000,1.0,99999,100000000,0,0.0,1,4,89072501513
100000000,1.0,99999,1000000000,1.0,99999,100000000,0,0.0,1,5,89237766117
100000000,1.0,99999,1000000000,1.0,99999,100000000,0,0.0,2,1,44389271403
100000000,1.0,99999,1000000000,1.0,99999,100000000,0,0.0,2,2,44922793246
100000000,1.0,99999,1000000000,1.0,99999,100000000,0,0.0,2,3,44429506958
100000000,1.0,99999,1000000000,1.0,99999,100000000,0,0.0,2,4,45055701349
100000000,1.0,99999,1000000000,1.0,99999,100000000,0,0.0,2,5,44432522572
100000000,1.0,99999,1000000000,1.0,99999,100000000,0,0.0,4,1,23960784111
100000000,1.0,99999,1000000000,1.0,99999,100000000,0,0.0,4,2,23567882432
100000000,1.0,99999,1000000000,1.0,99999,100000000,0,0.0,4,3,23942898834
100000000,1.0,99999,1000000000,1.0,99999,100000000,0,0.0,4,4,23642637787
100000000,1.0,99999,1000000000,1.0,99999,100000000,0,0.0,4,5,23913705796
100000000,1.0,99999,1000000000,1.0,99999,100000000,0,0.0,8,1,13541842224
100000000,1.0,99999,1000000000,1.0,99999,100000000,0,0.0,8,2,13467797920
100000000,1.0,99999,1000000000,1.0,99999,100000000,0,0.0,8,3,13544695122
100000000,1.0,99999,1000000000,1.0,99999,100000000,0,0.0,8,4,13568861783
100000000,1.0,99999,1000000000,1.0,99999,100000000,0,0.0,8,5,13639519302
100000000,1.0,99999,1000000000,1.0,99999,100000000,0,0.0,16,1,11682201359
100000000,1.0,99999,1000000000,1.0,99999,100000000,0,0.0,16,2,11648578326
100000000,1.0,99999,1000000000,1.0,99999,100000000,0,0.0,16,3,11682932225
100000000,1.0,99999,1000000000,1.0,99999,100000000,0,0.0,16,4,11651343107
100000000,1.0,99999,1000000000,1.0,99999,100000000,0,0.0,16,5,11652578146
100000000,1.0,99999,1000000000,1.0,99999,100000000,100,0.5,1,1,72110719382
100000000,1.0,99999,1000000000,1.0,99999,100000000,100,0.5,1,2,72108657593
100000000,1.0,99999,1000000000,1.0,99999,100000000,100,0.5,1,3,72239238254
100000000,1.0,99999,1000000000,1.0,99999,100000000,100,0.5,1,4,73371650516
100000000,1.0,99999,1000000000,1.0,99999,100000000,100,0.5,1,5,72028103375
100000000,1.0,99999,1000000000,1.0,99999,100000000,100,0.5,2,1,36736544946
100000000,1.0,99999,1000000000,1.0,99999,100000000,100,0.5,2,2,36226100609
100000000,1.0,99999,1000000000,1.0,99999,100000000,100,0.5,2,3,36342097901
100000000,1.0,99999,1000000000,1.0,99999,100000000,100,0.5,2,4,36306002661
100000000,1.0,99999,1000000000,1.0,99999,100000000,100,0.5,2,5,36407534385
100000000,1.0,99999,1000000000,1.0,99999,100000000,100,0.5,4,1,19009817732
100000000,1.0,99999,1000000000,1.0,99999,100000000,100,0.5,4,2,19025703754
100000000,1.0,99999,1000000000,1.0,99999,100000000,100,0.5,4,3,19041189647
100000000,1.0,99999,1000000000,1.0,99999,100000000,100,0.5,4,4,18996731698
100000000,1.0,99999,1000000000,1.0,99999,100000000,100,0.5,4,5,19057783691
100000000,1.0,99999,1000000000,1.0,99999,100000000,100,0.5,8,1,11022581608
100000000,1.0,99999,1000000000,1.0,99999,100000000,100,0.5,8,2,10947546916
100000000,1.0,99999,1000000000,1.0,99999,100000000,100,0.5,8,3,11010967889
100000000,1.0,99999,1000000000,1.0,99999,100000000,100,0.5,8,4,11107043289
100000000,1.0,99999,1000000000,1.0,99999,100000000,100,0.5,8,5,10912645312
100000000,1.0,99999,1000000000,1.0,99999,100000000,100,0.5,16,1,9301002201
100000000,1.0,99999,1000000000,1.0,99999,100000000,100,0.5,16,2,9253510632
100000000,1.0,99999,1000000000,1.0,99999,100000000,100,0.5,16,3,9224335807
100000000,1.0,99999,1000000000,1.0,99999,100000000,100,0.5,16,4,9240188542
100000000,1.0,99999,1000000000,1.0,99999,100000000,100,0.5,16,5,9289513600
100000000,1.0,99999,1000000000,1.0,99999,100000000,100,1.0,1,1,50908408781
100000000,1.0,99999,1000000000,1.0,99999,100000000,100,1.0,1,2,50902686979
100000000,1.0,99999,1000000000,1.0,99999,100000000,100,1.0,1,3,50928629073
100000000,1.0,99999,1000000000,1.0,99999,100000000,100,1.0,1,4,50894706818
100000000,1.0,99999,1000000000,1.0,99999,100000000,100,1.0,1,5,50900270767
100000000,1.0,99999,1000000000,1.0,99999,100000000,100,1.0,2,1,25692330698
100000000,1.0,99999,1000000000,1.0,99999,100000000,100,1.0,2,2,25718469909
100000000,1.0,99999,1000000000,1.0,99999,100000000,100,1.0,2,3,25710130034
100000000,1.0,99999,1000000000,1.0,99999,100000000,100,1.0,2,4,25709737324
100000000,1.0,99999,1000000000,1.0,99999,100000000,100,1.0,2,5,25725602871
100000000,1.0,99999,1000000000,1.0,99999,100000000,100,1.0,4,1,13794060497
100000000,1.0,99999,1000000000,1.0,99999,100000000,100,1.0,4,2,13593521375
100000000,1.0,99999,1000000000,1.0,99999,100000000,100,1.0,4,3,13598488866
100000000,1.0,99999,1000000000,1.0,99999,100000000,100,1.0,4,4,13583564719
100000000,1.0,99999,1000000000,1.0,99999,100000000,100,1.0,4,5,13658137659
100000000,1.0,99999,1000000000,1.0,99999,100000000,100,1.0,8,1,7994923857
100000000,1.0,99999,1000000000,1.0,99999,100000000,100,1.0,8,2,7907624267
100000000,1.0,99999,1000000000,1.0,99999,100000000,100,1.0,8,3,7937398958
100000000,1.0,99999,1000000000,1.0,99999,100000000,100,1.0,8,4,8022974832
100000000,1.0,99999,1000000000,1.0,99999,100000000,100,1.0,8,5,8033127788
100000000,1.0,99999,1000000000,1.0,99999,100000000,100,1.0,16,1,6724962984
100000000,1.0,99999,1000000000,1.0,99999,100000000,100,1.0,16,2,6756335359
100000000,1.0,99999,1000000000,1.0,99999,100000000,100,1.0,16,3,6726673050
100000000,1.0,99999,1000000000,1.0,99999,100000000,100,1.0,16,4,6741972070
100000000,1.0,99999,1000000000,1.0,99999,100000000,100,1.0,16,5,6737015357
100000000,1.0,99999,1000000000,1.0,99999,100000000,10000,1.0,1,1,67346050468
100000000,1.0,99999,1000000000,1.0,99999,100000000,10000,1.0,1,2,67422183788
100000000,1.0,99999,1000000000,1.0,99999,100000000,10000,1.0,1,3,67265336831
100000000,1.0,99999,1000000000,1.0,99999,100000000,10000,1.0,1,4,67234489957
100000000,1.0,99999,1000000000,1.0,99999,100000000,10000,1.0,1,5,67356469532
100000000,1.0,99999,1000000000,1.0,99999,100000000,10000,1.0,2,1,36997870610
100000000,1.0,99999,1000000000,1.0,99999,100000000,10000,1.0,2,2,36598177011
100000000,1.0,99999,1000000000,1.0,99999,100000000,10000,1.0,2,3,37117742941
100000000,1.0,99999,1000000000,1.0,99999,100000000,10000,1.0,2,4,37092526518
100000000,1.0,99999,1000000000,1.0,99999,100000000,10000,1.0,2,5,37081127121
100000000,1.0,99999,1000000000,1.0,99999,100000000,10000,1.0,4,1,19133914327
100000000,1.0,99999,1000000000,1.0,99999,100000000,10000,1.0,4,2,19234101740
100000000,1.0,99999,1000000000,1.0,99999,100000000,10000,1.0,4,3,19518698796
100000000,1.0,99999,1000000000,1.0,99999,100000000,10000,1.0,4,4,19199022852
100000000,1.0,99999,1000000000,1.0,99999,100000000,10000,1.0,4,5,19237232958
100000000,1.0,99999,1000000000,1.0,99999,100000000,10000,1.0,8,1,10877887580
100000000,1.0,99999,1000000000,1.0,99999,100000000,10000,1.0,8,2,10987412862
100000000,1.0,99999,1000000000,1.0,99999,100000000,10000,1.0,8,3,10792530943
100000000,1.0,99999,1000000000,1.0,99999,100000000,10000,1.0,8,4,10856839551
100000000,1.0,99999,1000000000,1.0,99999,100000000,10000,1.0,8,5,10862181906
100000000,1.0,99999,1000000000,1.0,99999,100000000,10000,1.0,16,1,8753572929
100000000,1.0,99999,1000000000,1.0,99999,100000000,10000,1.0,16,2,8733522910
100000000,1.0,99999,1000000000,1.0,99999,100000000,10000,1.0,16,3,8813999718
100000000,1.0,99999,1000000000,1.0,99999,100000000,10000,1.0,16,4,8760259752
100000000,1.0,99999,1000000000,1.0,99999,100000000,10000,1.0,16,5,8744401732
